date,county,rainfall_mm,mean_temp_c
2024-01-01,Machakos,0.0,21.0
2024-01-01,Kitui,0.0,25.2
2024-01-01,Makueni,2.8,22.9
2024-01-01,Nairobi,1.4,24.7
2024-01-01,Nakuru,12.1,23.2
2024-01-01,Uasin Gishu,20.0,24.0
2024-01-02,Machakos,3.5,23.5
2024-01-02,Kitui,5.9,28.8
2024-01-02,Makueni,5.8,16.6
2024-01-02,Nairobi,16.7,21.5
2024-01-02,Nakuru,2.2,19.7
2024-01-02,Uasin Gishu,0.0,26.1
2024-01-03,Machakos,1.8,26.7
2024-01-03,Kitui,13.1,23.5
2024-01-03,Makueni,,18.6
2024-01-03,Nairobi,9.2,26.6
2024-01-03,Nakuru,0.0,18.3
2024-01-03,Uasin Gishu,0.0,22.9
2024-01-04,Machakos,14.7,27.2
2024-01-04,Kitui,6.5,20.5
2024-01-04,Makueni,0.0,16.9
2024-01-04,Nairobi,0.0,20.6
2024-01-04,Nakuru,9.1,18.9
2024-01-04,Uasin Gishu,0.0,20.8
2024-01-05,Machakos,0.0,22.0
2024-01-05,Kitui,0.3,17.2
2024-01-05,Makueni,,18.8
2024-01-05,Nairobi,19.4,29.4
2024-01-05,Nakuru,0.0,21.2
2024-01-05,Uasin Gishu,0.0,23.5
2024-01-06,Machakos,0.0,22.1
2024-01-06,Kitui,0.0,23.8
2024-01-06,Makueni,,21.9
2024-01-06,Nairobi,7.2,26.5
2024-01-06,Nakuru,0.0,23.2
2024-01-06,Uasin Gishu,2.5,29.5
2024-01-07,Machakos,0.0,23.5
2024-01-07,Kitui,1.0,23.8
2024-01-07,Makueni,7.3,25.9
2024-01-07,Nairobi,4.5,19.9
2024-01-07,Nakuru,0.0,28.9
2024-01-07,Uasin Gishu,3.7,24.0
2024-01-08,Machakos,1.2,26.6
2024-01-08,Kitui,0.0,29.7
2024-01-08,Makueni,5.6,17.2
2024-01-08,Nairobi,3.1,21.8
2024-01-08,Nakuru,0.0,21.4
2024-01-08,Uasin Gishu,16.0,19.2
2024-01-09,Machakos,0.0,20.7
2024-01-09,Kitui,10.3,24.1
2024-01-09,Makueni,3.1,28.9
2024-01-09,Nairobi,15.9,21.5
2024-01-09,Nakuru,2.7,19.7
2024-01-09,Uasin Gishu,3.6,19.5
2024-01-10,Machakos,7.1,22.2
2024-01-10,Kitui,7.8,23.4
2024-01-10,Makueni,,18.8
2024-01-10,Nairobi,11.1,23.7
2024-01-10,Nakuru,8.1,25.4
2024-01-10,Uasin Gishu,0.0,22.4
2024-01-11,Machakos,6.6,18.2
2024-01-11,Kitui,0.0,27.2
2024-01-11,Makueni,0.1,26.1
2024-01-11,Nairobi,0.0,31.7
2024-01-11,Nakuru,0.2,24.2
2024-01-11,Uasin Gishu,7.0,21.2
2024-01-12,Machakos,0.0,22.6
2024-01-12,Kitui,3.0,20.1
2024-01-12,Makueni,2.4,18.1
2024-01-12,Nairobi,10.5,25.0
2024-01-12,Nakuru,1.5,22.5
2024-01-12,Uasin Gishu,0.1,26.6
2024-01-13,Machakos,8.9,28.8
2024-01-13,Kitui,0.0,26.4
2024-01-13,Makueni,11.6,19.2
2024-01-13,Nairobi,0.0,21.4
2024-01-13,Nakuru,16.3,21.4
2024-01-13,Uasin Gishu,24.8,23.8
2024-01-14,Machakos,4.3,21.6
2024-01-14,Kitui,7.5,22.4
2024-01-14,Makueni,,24.2
2024-01-14,Nairobi,4.5,21.6
2024-01-14,Nakuru,2.9,22.0
2024-01-14,Uasin Gishu,3.3,20.1
2024-01-15,Machakos,3.1,23.9
2024-01-15,Kitui,0.0,27.8
2024-01-15,Makueni,3.7,21.2
2024-01-15,Nairobi,17.2,19.3
2024-01-15,Nakuru,14.0,24.8
2024-01-15,Uasin Gishu,,20.8
2024-01-16,Machakos,0.0,18.7
2024-01-16,Kitui,0.0,30.2
2024-01-16,Makueni,,26.7
2024-01-16,Nairobi,0.0,26.5
2024-01-16,Nakuru,12.1,22.6
2024-01-16,Uasin Gishu,0.0,23.5
2024-01-17,Machakos,,24.8
2024-01-17,Kitui,9.8,17.8
2024-01-17,Makueni,2.2,25.2
2024-01-17,Nairobi,9.2,26.0
2024-01-17,Nakuru,15.2,27.8
2024-01-17,Uasin Gishu,5.8,23.6
2024-01-18,Machakos,7.0,24.5
2024-01-18,Kitui,3.2,20.8
2024-01-18,Makueni,1.8,27.5
2024-01-18,Nairobi,0.0,23.6
2024-01-18,Nakuru,0.8,24.5
2024-01-18,Uasin Gishu,0.0,24.5
2024-01-19,Machakos,3.1,24.3
2024-01-19,Kitui,7.5,20.4
2024-01-19,Makueni,0.0,24.3
2024-01-19,Nairobi,0.0,20.5
2024-01-19,Nakuru,11.5,22.5
2024-01-19,Uasin Gishu,9.6,22.2
2024-01-20,Machakos,0.0,25.3
2024-01-20,Kitui,3.6,23.2
2024-01-20,Makueni,12.4,19.1
2024-01-20,Nairobi,11.9,24.5
2024-01-20,Nakuru,0.0,27.0
2024-01-20,Uasin Gishu,,29.7
2024-01-21,Machakos,9.0,25.1
2024-01-21,Kitui,16.4,24.3
2024-01-21,Makueni,0.0,23.1
2024-01-21,Nairobi,0.0,27.4
2024-01-21,Nakuru,0.0,27.3
2024-01-21,Uasin Gishu,0.0,26.1
2024-01-22,Machakos,,30.1
2024-01-22,Kitui,8.0,23.0
2024-01-22,Makueni,0.0,25.2
2024-01-22,Nairobi,1.0,16.8
2024-01-22,Nakuru,0.0,23.7
2024-01-22,Uasin Gishu,3.9,26.3
2024-01-23,Machakos,19.5,20.4
2024-01-23,Kitui,8.9,18.0
2024-01-23,Makueni,0.0,25.5
2024-01-23,Nairobi,1.7,23.1
2024-01-23,Nakuru,0.0,26.3
2024-01-23,Uasin Gishu,0.0,23.0
2024-01-24,Machakos,12.3,17.1
2024-01-24,Kitui,14.0,20.5
2024-01-24,Makueni,2.1,27.5
2024-01-24,Nairobi,0.0,25.7
2024-01-24,Nakuru,1.1,18.2
2024-01-24,Uasin Gishu,,27.8
2024-01-25,Machakos,0.0,27.8
2024-01-25,Kitui,4.1,23.3
2024-01-25,Makueni,2.0,21.2
2024-01-25,Nairobi,0.0,21.8
2024-01-25,Nakuru,14.3,18.2
2024-01-25,Uasin Gishu,1.6,24.5
2024-01-26,Machakos,7.3,16.2
2024-01-26,Kitui,5.9,25.7
2024-01-26,Makueni,9.4,21.6
2024-01-26,Nairobi,0.0,27.2
2024-01-26,Nakuru,0.0,22.6
2024-01-26,Uasin Gishu,0.0,25.3
2024-01-27,Machakos,0.0,23.4
2024-01-27,Kitui,0.0,27.0
2024-01-27,Makueni,3.8,27.3
2024-01-27,Nairobi,0.0,27.3
2024-01-27,Nakuru,0.0,21.1
2024-01-27,Uasin Gishu,0.0,25.8
2024-01-28,Machakos,0.0,31.5
2024-01-28,Kitui,17.4,22.6
2024-01-28,Makueni,0.0,30.2
2024-01-28,Nairobi,0.1,24.9
2024-01-28,Nakuru,2.7,28.5
2024-01-28,Uasin Gishu,9.6,26.1
2024-01-29,Machakos,0.0,26.3
2024-01-29,Kitui,0.0,19.4
2024-01-29,Makueni,12.7,19.1
2024-01-29,Nairobi,17.1,23.5
2024-01-29,Nakuru,8.0,17.8
2024-01-29,Uasin Gishu,0.0,27.0
2024-01-30,Machakos,0.0,19.9
2024-01-30,Kitui,3.4,23.3
2024-01-30,Makueni,3.1,28.7
2024-01-30,Nairobi,12.1,24.3
2024-01-30,Nakuru,9.3,24.8
2024-01-30,Uasin Gishu,2.6,22.7
2024-01-31,Machakos,5.7,20.3
2024-01-31,Kitui,0.0,20.8
2024-01-31,Makueni,0.0,24.4
2024-01-31,Nairobi,,27.9
2024-01-31,Nakuru,0.0,22.8
2024-01-31,Uasin Gishu,12.0,26.6
2024-02-01,Machakos,7.0,24.8
2024-02-01,Kitui,9.3,29.3
2024-02-01,Makueni,20.3,19.6
2024-02-01,Nairobi,19.4,23.5
2024-02-01,Nakuru,10.2,24.0
2024-02-01,Uasin Gishu,2.3,21.4
2024-02-02,Machakos,,24.9
2024-02-02,Kitui,0.0,24.1
2024-02-02,Makueni,0.0,25.0
2024-02-02,Nairobi,1.3,26.4
2024-02-02,Nakuru,1.7,22.9
2024-02-02,Uasin Gishu,17.2,23.2
2024-02-03,Machakos,9.7,23.2
2024-02-03,Kitui,3.3,29.8
2024-02-03,Makueni,3.2,27.0
2024-02-03,Nairobi,12.1,26.3
2024-02-03,Nakuru,3.4,19.1
2024-02-03,Uasin Gishu,1.7,23.9
2024-02-04,Machakos,0.1,26.8
2024-02-04,Kitui,0.0,21.4
2024-02-04,Makueni,0.0,23.1
2024-02-04,Nairobi,0.0,26.8
2024-02-04,Nakuru,15.0,23.4
2024-02-04,Uasin Gishu,2.8,22.1
2024-02-05,Machakos,0.0,30.2
2024-02-05,Kitui,5.7,20.5
2024-02-05,Makueni,13.4,22.1
2024-02-05,Nairobi,3.8,25.5
2024-02-05,Nakuru,2.6,25.7
2024-02-05,Uasin Gishu,15.3,19.1
2024-02-06,Machakos,0.0,29.2
2024-02-06,Kitui,21.7,24.3
2024-02-06,Makueni,5.9,22.6
2024-02-06,Nairobi,0.0,23.6
2024-02-06,Nakuru,13.2,22.2
2024-02-06,Uasin Gishu,0.0,22.1
2024-02-07,Machakos,0.0,27.7
2024-02-07,Kitui,0.0,20.6
2024-02-07,Makueni,4.5,28.1
2024-02-07,Nairobi,0.0,24.5
2024-02-07,Nakuru,1.7,19.4
2024-02-07,Uasin Gishu,1.2,21.1
2024-02-08,Machakos,8.8,25.4
2024-02-08,Kitui,11.0,29.0
2024-02-08,Makueni,0.0,25.3
2024-02-08,Nairobi,0.0,22.2
2024-02-08,Nakuru,0.0,27.4
2024-02-08,Uasin Gishu,4.7,25.3
2024-02-09,Machakos,6.7,26.2
2024-02-09,Kitui,0.8,22.5
2024-02-09,Makueni,6.0,24.2
2024-02-09,Nairobi,19.2,19.3
2024-02-09,Nakuru,0.7,34.0
2024-02-09,Uasin Gishu,7.8,24.7
2024-02-10,Machakos,14.4,26.1
2024-02-10,Kitui,0.0,22.3
2024-02-10,Makueni,,25.7
2024-02-10,Nairobi,0.0,27.3
2024-02-10,Nakuru,1.3,18.0
2024-02-10,Uasin Gishu,9.8,20.6
2024-02-11,Machakos,0.0,13.8
2024-02-11,Kitui,,19.9
2024-02-11,Makueni,11.7,20.7
2024-02-11,Nairobi,0.0,24.1
2024-02-11,Nakuru,0.0,19.6
2024-02-11,Uasin Gishu,3.7,22.1
2024-02-12,Machakos,5.9,24.0
2024-02-12,Kitui,0.0,29.1
2024-02-12,Makueni,25.8,30.6
2024-02-12,Nairobi,13.9,26.0
2024-02-12,Nakuru,0.0,24.8
2024-02-12,Uasin Gishu,6.8,20.1
2024-02-13,Machakos,11.7,26.9
2024-02-13,Kitui,0.0,21.5
2024-02-13,Makueni,0.0,20.4
2024-02-13,Nairobi,13.0,30.3
2024-02-13,Nakuru,0.0,24.6
2024-02-13,Uasin Gishu,1.1,26.5
2024-02-14,Machakos,1.1,27.6
2024-02-14,Kitui,,19.9
2024-02-14,Makueni,14.4,23.3
2024-02-14,Nairobi,0.0,24.1
2024-02-14,Nakuru,9.1,24.6
2024-02-14,Uasin Gishu,0.0,22.5
2024-02-15,Machakos,10.1,18.7
2024-02-15,Kitui,5.5,26.1
2024-02-15,Makueni,,23.6
2024-02-15,Nairobi,,16.2
2024-02-15,Nakuru,7.4,20.1
2024-02-15,Uasin Gishu,0.0,22.9
2024-02-16,Machakos,4.2,18.7
2024-02-16,Kitui,9.5,23.8
2024-02-16,Makueni,0.0,23.3
2024-02-16,Nairobi,0.0,21.9
2024-02-16,Nakuru,0.0,23.7
2024-02-16,Uasin Gishu,0.0,25.0
2024-02-17,Machakos,5.4,29.2
2024-02-17,Kitui,11.4,18.4
2024-02-17,Makueni,0.0,24.2
2024-02-17,Nairobi,11.6,22.2
2024-02-17,Nakuru,19.7,20.6
2024-02-17,Uasin Gishu,4.2,22.1
2024-02-18,Machakos,0.0,19.3
2024-02-18,Kitui,0.0,22.5
2024-02-18,Makueni,3.2,21.8
2024-02-18,Nairobi,9.9,27.8
2024-02-18,Nakuru,18.9,23.6
2024-02-18,Uasin Gishu,6.2,29.6
2024-02-19,Machakos,12.7,18.6
2024-02-19,Kitui,14.0,23.5
2024-02-19,Makueni,2.4,21.8
2024-02-19,Nairobi,11.3,26.3
2024-02-19,Nakuru,0.0,20.6
2024-02-19,Uasin Gishu,0.6,19.6
2024-02-20,Machakos,3.9,28.2
2024-02-20,Kitui,0.0,28.2
2024-02-20,Makueni,3.2,16.0
2024-02-20,Nairobi,0.0,18.9
2024-02-20,Nakuru,,21.5
2024-02-20,Uasin Gishu,,25.1
2024-02-21,Machakos,8.7,25.3
2024-02-21,Kitui,8.8,20.9
2024-02-21,Makueni,6.5,22.8
2024-02-21,Nairobi,6.7,24.0
2024-02-21,Nakuru,1.5,19.2
2024-02-21,Uasin Gishu,15.1,21.4
2024-02-22,Machakos,11.1,18.1
2024-02-22,Kitui,2.5,21.9
2024-02-22,Makueni,0.0,24.5
2024-02-22,Nairobi,0.0,21.5
2024-02-22,Nakuru,3.1,22.4
2024-02-22,Uasin Gishu,,24.3
2024-02-23,Machakos,0.0,22.5
2024-02-23,Kitui,0.0,24.0
2024-02-23,Makueni,15.5,21.4
2024-02-23,Nairobi,0.0,20.9
2024-02-23,Nakuru,0.0,25.6
2024-02-23,Uasin Gishu,4.2,27.0
2024-02-24,Machakos,7.4,20.7
2024-02-24,Kitui,,20.7
2024-02-24,Makueni,9.2,20.4
2024-02-24,Nairobi,18.3,22.2
2024-02-24,Nakuru,0.8,19.9
2024-02-24,Uasin Gishu,0.0,23.8
2024-02-25,Machakos,5.3,27.7
2024-02-25,Kitui,0.0,20.1
2024-02-25,Makueni,0.0,19.7
2024-02-25,Nairobi,15.7,16.7
2024-02-25,Nakuru,5.3,28.9
2024-02-25,Uasin Gishu,0.0,25.6
2024-02-26,Machakos,0.0,27.1
2024-02-26,Kitui,3.5,23.4
2024-02-26,Makueni,0.0,24.2
2024-02-26,Nairobi,0.0,21.1
2024-02-26,Nakuru,0.0,23.5
2024-02-26,Uasin Gishu,7.8,20.9
2024-02-27,Machakos,17.9,22.5
2024-02-27,Kitui,0.0,25.2
2024-02-27,Makueni,1.9,28.8
2024-02-27,Nairobi,8.4,28.2
2024-02-27,Nakuru,0.0,26.3
2024-02-27,Uasin Gishu,0.0,26.7
2024-02-28,Machakos,,22.9
2024-02-28,Kitui,7.9,28.5
2024-02-28,Makueni,3.1,20.6
2024-02-28,Nairobi,0.0,24.6
2024-02-28,Nakuru,0.0,25.3
2024-02-28,Uasin Gishu,0.0,21.2
2024-02-29,Machakos,12.9,27.9
2024-02-29,Kitui,0.6,24.0
2024-02-29,Makueni,3.6,18.6
2024-02-29,Nairobi,14.1,24.7
2024-02-29,Nakuru,4.8,22.8
2024-02-29,Uasin Gishu,4.7,22.2
2024-03-01,Machakos,3.5,22.4
2024-03-01,Kitui,3.6,32.2
2024-03-01,Makueni,7.7,20.1
2024-03-01,Nairobi,17.9,21.5
2024-03-01,Nakuru,8.3,25.6
2024-03-01,Uasin Gishu,18.6,25.8
2024-03-02,Machakos,14.6,20.3
2024-03-02,Kitui,4.2,26.1
2024-03-02,Makueni,0.0,26.1
2024-03-02,Nairobi,16.6,19.0
2024-03-02,Nakuru,0.0,26.1
2024-03-02,Uasin Gishu,12.6,28.2
2024-03-03,Machakos,3.3,28.4
2024-03-03,Kitui,5.2,26.4
2024-03-03,Makueni,1.9,26.1
2024-03-03,Nairobi,0.0,26.8
2024-03-03,Nakuru,0.0,27.0
2024-03-03,Uasin Gishu,1.1,23.8
2024-03-04,Machakos,24.4,26.9
2024-03-04,Kitui,5.2,23.9
2024-03-04,Makueni,0.0,24.1
2024-03-04,Nairobi,2.0,19.2
2024-03-04,Nakuru,0.9,21.7
2024-03-04,Uasin Gishu,0.0,20.8
2024-03-05,Machakos,0.0,28.0
2024-03-05,Kitui,0.0,28.7
2024-03-05,Makueni,0.0,25.8
2024-03-05,Nairobi,6.1,21.6
2024-03-05,Nakuru,0.0,26.6
2024-03-05,Uasin Gishu,10.9,26.6
2024-03-06,Machakos,12.8,20.2
2024-03-06,Kitui,0.6,22.9
2024-03-06,Makueni,9.5,20.3
2024-03-06,Nairobi,21.0,22.6
2024-03-06,Nakuru,,22.3
2024-03-06,Uasin Gishu,8.8,22.2
2024-03-07,Machakos,8.7,30.9
2024-03-07,Kitui,0.0,22.5
2024-03-07,Makueni,9.8,24.7
2024-03-07,Nairobi,0.0,20.8
2024-03-07,Nakuru,4.2,17.9
2024-03-07,Uasin Gishu,19.9,24.0
2024-03-08,Machakos,0.0,21.9
2024-03-08,Kitui,10.4,26.1
2024-03-08,Makueni,7.3,18.9
2024-03-08,Nairobi,26.4,20.6
2024-03-08,Nakuru,17.2,25.2
2024-03-08,Uasin Gishu,0.0,24.8
2024-03-09,Machakos,2.8,21.3
2024-03-09,Kitui,13.8,23.3
2024-03-09,Makueni,0.0,27.7
2024-03-09,Nairobi,8.2,22.6
2024-03-09,Nakuru,0.0,25.5
2024-03-09,Uasin Gishu,0.0,21.7
2024-03-10,Machakos,2.0,24.0
2024-03-10,Kitui,0.0,21.9
2024-03-10,Makueni,0.0,21.8
2024-03-10,Nairobi,12.4,23.3
2024-03-10,Nakuru,,27.5
2024-03-10,Uasin Gishu,9.0,24.6
2024-03-11,Machakos,8.0,23.6
2024-03-11,Kitui,,16.8
2024-03-11,Makueni,,22.3
2024-03-11,Nairobi,1.6,21.3
2024-03-11,Nakuru,7.2,24.5
2024-03-11,Uasin Gishu,9.6,19.5
2024-03-12,Machakos,13.8,25.2
2024-03-12,Kitui,0.0,24.5
2024-03-12,Makueni,0.0,19.2
2024-03-12,Nairobi,,25.4
2024-03-12,Nakuru,10.8,23.2
2024-03-12,Uasin Gishu,0.0,31.2
2024-03-13,Machakos,4.7,28.4
2024-03-13,Kitui,0.0,24.9
2024-03-13,Makueni,14.0,27.1
2024-03-13,Nairobi,11.3,23.5
2024-03-13,Nakuru,7.6,27.2
2024-03-13,Uasin Gishu,1.3,19.1
2024-03-14,Machakos,4.0,24.5
2024-03-14,Kitui,3.2,30.4
2024-03-14,Makueni,,28.3
2024-03-14,Nairobi,9.8,21.0
2024-03-14,Nakuru,9.4,22.2
2024-03-14,Uasin Gishu,0.0,22.2
2024-03-15,Machakos,12.6,20.5
2024-03-15,Kitui,9.9,23.8
2024-03-15,Makueni,6.1,27.5
2024-03-15,Nairobi,0.0,23.8
2024-03-15,Nakuru,0.0,21.8
2024-03-15,Uasin Gishu,,21.2
2024-03-16,Machakos,0.0,23.4
2024-03-16,Kitui,5.4,20.8
2024-03-16,Makueni,7.2,22.6
2024-03-16,Nairobi,13.2,23.4
2024-03-16,Nakuru,8.4,19.3
2024-03-16,Uasin Gishu,6.1,20.8
2024-03-17,Machakos,0.0,23.7
2024-03-17,Kitui,2.1,25.8
2024-03-17,Makueni,8.9,25.6
2024-03-17,Nairobi,1.0,26.8
2024-03-17,Nakuru,0.0,20.5
2024-03-17,Uasin Gishu,0.5,27.8
2024-03-18,Machakos,6.0,22.8
2024-03-18,Kitui,20.5,26.6
2024-03-18,Makueni,9.5,22.9
2024-03-18,Nairobi,0.0,20.5
2024-03-18,Nakuru,13.5,14.5
2024-03-18,Uasin Gishu,0.0,23.8
2024-03-19,Machakos,18.9,20.0
2024-03-19,Kitui,0.9,29.9
2024-03-19,Makueni,15.4,19.3
2024-03-19,Nairobi,1.9,22.9
2024-03-19,Nakuru,1.4,24.7
2024-03-19,Uasin Gishu,11.1,26.0
2024-03-20,Machakos,4.5,18.4
2024-03-20,Kitui,0.0,19.7
2024-03-20,Makueni,8.4,21.5
2024-03-20,Nairobi,4.1,22.6
2024-03-20,Nakuru,0.0,22.4
2024-03-20,Uasin Gishu,4.3,24.0
2024-03-21,Machakos,7.0,17.4
2024-03-21,Kitui,12.8,26.5
2024-03-21,Makueni,18.0,24.8
2024-03-21,Nairobi,0.0,21.0
2024-03-21,Nakuru,10.4,22.2
2024-03-21,Uasin Gishu,6.4,27.8
2024-03-22,Machakos,11.3,21.9
2024-03-22,Kitui,0.0,24.3
2024-03-22,Makueni,0.0,20.6
2024-03-22,Nairobi,7.0,21.8
2024-03-22,Nakuru,8.8,23.0
2024-03-22,Uasin Gishu,,23.6
2024-03-23,Machakos,24.6,24.3
2024-03-23,Kitui,0.0,24.9
2024-03-23,Makueni,4.8,23.4
2024-03-23,Nairobi,0.0,22.0
2024-03-23,Nakuru,0.0,24.6
2024-03-23,Uasin Gishu,3.1,23.4
2024-03-24,Machakos,10.1,22.1
2024-03-24,Kitui,12.0,17.9
2024-03-24,Makueni,0.0,22.9
2024-03-24,Nairobi,0.0,20.3
2024-03-24,Nakuru,6.2,22.9
2024-03-24,Uasin Gishu,19.7,22.4
2024-03-25,Machakos,,26.3
2024-03-25,Kitui,10.5,20.5
2024-03-25,Makueni,5.7,22.9
2024-03-25,Nairobi,5.7,29.4
2024-03-25,Nakuru,9.3,20.4
2024-03-25,Uasin Gishu,0.0,24.6
2024-03-26,Machakos,0.0,18.8
2024-03-26,Kitui,12.2,23.4
2024-03-26,Makueni,0.0,24.0
2024-03-26,Nairobi,7.2,21.8
2024-03-26,Nakuru,0.0,20.3
2024-03-26,Uasin Gishu,5.0,20.2
2024-03-27,Machakos,7.9,24.4
2024-03-27,Kitui,9.8,23.4
2024-03-27,Makueni,24.9,22.1
2024-03-27,Nairobi,0.0,23.1
2024-03-27,Nakuru,0.0,22.7
2024-03-27,Uasin Gishu,0.0,27.1
2024-03-28,Machakos,0.0,27.6
2024-03-28,Kitui,0.0,24.5
2024-03-28,Makueni,0.0,23.4
2024-03-28,Nairobi,8.0,25.5
2024-03-28,Nakuru,0.0,26.2
2024-03-28,Uasin Gishu,2.9,23.8
2024-03-29,Machakos,20.3,25.4
2024-03-29,Kitui,21.2,23.8
2024-03-29,Makueni,0.0,23.4
2024-03-29,Nairobi,0.3,22.1
2024-03-29,Nakuru,0.0,21.2
2024-03-29,Uasin Gishu,0.0,24.6
2024-03-30,Machakos,0.0,25.9
2024-03-30,Kitui,0.0,24.3
2024-03-30,Makueni,0.0,24.3
2024-03-30,Nairobi,0.0,26.6
2024-03-30,Nakuru,0.0,26.4
2024-03-30,Uasin Gishu,0.0,30.5
2024-03-31,Machakos,0.0,20.6
2024-03-31,Kitui,0.0,21.6
2024-03-31,Makueni,8.2,24.9
2024-03-31,Nairobi,10.8,20.3
2024-03-31,Nakuru,1.3,29.9
2024-03-31,Uasin Gishu,2.1,27.8
2024-04-01,Machakos,2.3,23.4
2024-04-01,Kitui,30.5,25.7
2024-04-01,Makueni,0.0,17.5
2024-04-01,Nairobi,4.4,28.1
2024-04-01,Nakuru,6.2,24.8
2024-04-01,Uasin Gishu,0.0,29.0
2024-04-02,Machakos,3.4,21.4
2024-04-02,Kitui,10.2,20.1
2024-04-02,Makueni,4.9,25.4
2024-04-02,Nairobi,0.0,22.3
2024-04-02,Nakuru,4.4,19.5
2024-04-02,Uasin Gishu,0.0,27.1
2024-04-03,Machakos,0.0,16.4
2024-04-03,Kitui,0.0,26.5
2024-04-03,Makueni,0.0,25.5
2024-04-03,Nairobi,2.8,30.6
2024-04-03,Nakuru,16.8,24.5
2024-04-03,Uasin Gishu,19.3,24.7
2024-04-04,Machakos,0.0,18.7
2024-04-04,Kitui,0.0,23.9
2024-04-04,Makueni,4.5,21.6
2024-04-04,Nairobi,0.0,22.7
2024-04-04,Nakuru,0.0,23.3
2024-04-04,Uasin Gishu,10.4,26.0
2024-04-05,Machakos,7.9,23.1
2024-04-05,Kitui,0.0,21.9
2024-04-05,Makueni,15.0,17.5
2024-04-05,Nairobi,4.0,28.8
2024-04-05,Nakuru,0.1,26.1
2024-04-05,Uasin Gishu,2.2,22.7
2024-04-06,Machakos,,26.0
2024-04-06,Kitui,7.2,24.0
2024-04-06,Makueni,9.2,22.0
2024-04-06,Nairobi,10.0,24.0
2024-04-06,Nakuru,2.1,23.5
2024-04-06,Uasin Gishu,5.6,17.1
2024-04-07,Machakos,6.2,23.7
2024-04-07,Kitui,4.3,25.4
2024-04-07,Makueni,13.8,25.5
2024-04-07,Nairobi,0.2,30.5
2024-04-07,Nakuru,11.1,19.1
2024-04-07,Uasin Gishu,2.6,25.6
2024-04-08,Machakos,5.6,25.4
2024-04-08,Kitui,0.0,25.3
2024-04-08,Makueni,6.6,21.6
2024-04-08,Nairobi,6.8,24.3
2024-04-08,Nakuru,0.0,22.0
2024-04-08,Uasin Gishu,0.0,26.1
2024-04-09,Machakos,5.3,26.7
2024-04-09,Kitui,7.1,23.9
2024-04-09,Makueni,0.0,20.9
2024-04-09,Nairobi,9.2,24.8
2024-04-09,Nakuru,2.6,26.1
2024-04-09,Uasin Gishu,10.1,26.5
2024-04-10,Machakos,4.8,24.9
2024-04-10,Kitui,5.0,24.2
2024-04-10,Makueni,12.8,23.1
2024-04-10,Nairobi,9.2,30.1
2024-04-10,Nakuru,0.0,30.3
2024-04-10,Uasin Gishu,0.0,21.6
2024-04-11,Machakos,5.9,21.5
2024-04-11,Kitui,0.0,24.4
2024-04-11,Makueni,11.0,22.8
2024-04-11,Nairobi,0.0,26.2
2024-04-11,Nakuru,0.0,22.2
2024-04-11,Uasin Gishu,0.0,21.5
2024-04-12,Machakos,9.4,24.2
2024-04-12,Kitui,2.1,23.4
2024-04-12,Makueni,7.6,19.8
2024-04-12,Nairobi,0.0,24.1
2024-04-12,Nakuru,0.0,30.0
2024-04-12,Uasin Gishu,7.3,17.9
2024-04-13,Machakos,7.1,26.0
2024-04-13,Kitui,0.0,26.7
2024-04-13,Makueni,3.7,18.3
2024-04-13,Nairobi,0.0,25.0
2024-04-13,Nakuru,0.0,24.9
2024-04-13,Uasin Gishu,8.3,19.6
2024-04-14,Machakos,0.0,18.6
2024-04-14,Kitui,2.9,25.0
2024-04-14,Makueni,0.0,15.2
2024-04-14,Nairobi,14.9,22.5
2024-04-14,Nakuru,3.2,27.1
2024-04-14,Uasin Gishu,20.2,24.8
2024-04-15,Machakos,0.0,21.0
2024-04-15,Kitui,13.2,23.1
2024-04-15,Makueni,0.0,25.7
2024-04-15,Nairobi,0.0,17.8
2024-04-15,Nakuru,12.0,21.3
2024-04-15,Uasin Gishu,23.0,19.1
2024-04-16,Machakos,1.1,26.0
2024-04-16,Kitui,8.8,23.5
2024-04-16,Makueni,8.2,26.8
2024-04-16,Nairobi,11.2,20.5
2024-04-16,Nakuru,13.8,26.8
2024-04-16,Uasin Gishu,0.0,21.9
2024-04-17,Machakos,0.0,27.4
2024-04-17,Kitui,0.0,26.7
2024-04-17,Makueni,0.0,22.7
2024-04-17,Nairobi,0.0,25.0
2024-04-17,Nakuru,14.6,22.0
2024-04-17,Uasin Gishu,6.1,25.5
2024-04-18,Machakos,17.1,20.4
2024-04-18,Kitui,8.6,21.3
2024-04-18,Makueni,3.4,24.7
2024-04-18,Nairobi,0.0,23.8
2024-04-18,Nakuru,12.9,22.5
2024-04-18,Uasin Gishu,0.0,25.2
2024-04-19,Machakos,3.6,24.5
2024-04-19,Kitui,9.8,23.2
2024-04-19,Makueni,12.8,21.3
2024-04-19,Nairobi,0.4,26.5
2024-04-19,Nakuru,5.2,23.5
2024-04-19,Uasin Gishu,0.0,27.4
2024-04-20,Machakos,7.7,29.2
2024-04-20,Kitui,7.3,24.8
2024-04-20,Makueni,13.2,21.1
2024-04-20,Nairobi,1.0,16.3
2024-04-20,Nakuru,6.9,27.5
2024-04-20,Uasin Gishu,17.9,22.6
2024-04-21,Machakos,8.0,20.5
2024-04-21,Kitui,4.3,21.3
2024-04-21,Makueni,1.8,24.6
2024-04-21,Nairobi,23.5,23.2
2024-04-21,Nakuru,1.9,27.6
2024-04-21,Uasin Gishu,0.0,22.3
2024-04-22,Machakos,0.0,27.8
2024-04-22,Kitui,6.8,19.0
2024-04-22,Makueni,17.5,27.2
2024-04-22,Nairobi,1.2,24.2
2024-04-22,Nakuru,2.2,31.4
2024-04-22,Uasin Gishu,2.6,25.7
2024-04-23,Machakos,16.2,25.2
2024-04-23,Kitui,0.0,26.8
2024-04-23,Makueni,5.2,19.6
2024-04-23,Nairobi,0.0,19.3
2024-04-23,Nakuru,1.2,23.7
2024-04-23,Uasin Gishu,2.0,19.9
2024-04-24,Machakos,0.0,22.2
2024-04-24,Kitui,4.8,25.1
2024-04-24,Makueni,0.0,22.6
2024-04-24,Nairobi,11.9,27.2
2024-04-24,Nakuru,5.0,17.8
2024-04-24,Uasin Gishu,26.6,24.3
2024-04-25,Machakos,0.0,22.1
2024-04-25,Kitui,0.0,26.0
2024-04-25,Makueni,0.0,25.8
2024-04-25,Nairobi,2.8,30.9
2024-04-25,Nakuru,0.0,26.6
2024-04-25,Uasin Gishu,5.4,20.4
2024-04-26,Machakos,,21.3
2024-04-26,Kitui,,24.7
2024-04-26,Makueni,9.9,26.9
2024-04-26,Nairobi,6.3,22.4
2024-04-26,Nakuru,10.7,20.1
2024-04-26,Uasin Gishu,10.4,19.9
2024-04-27,Machakos,4.3,22.4
2024-04-27,Kitui,2.4,26.3
2024-04-27,Makueni,6.1,24.1
2024-04-27,Nairobi,0.0,25.1
2024-04-27,Nakuru,5.1,23.7
2024-04-27,Uasin Gishu,,24.0
2024-04-28,Machakos,0.0,19.8
2024-04-28,Kitui,2.7,19.7
2024-04-28,Makueni,10.3,25.6
2024-04-28,Nairobi,0.0,25.5
2024-04-28,Nakuru,6.6,28.1
2024-04-28,Uasin Gishu,5.1,24.8
2024-04-29,Machakos,0.0,18.0
2024-04-29,Kitui,12.4,25.3
2024-04-29,Makueni,12.2,18.1
2024-04-29,Nairobi,7.7,20.9
2024-04-29,Nakuru,4.4,16.8
2024-04-29,Uasin Gishu,6.8,22.8
2024-04-30,Machakos,3.0,23.0
2024-04-30,Kitui,0.0,21.5
2024-04-30,Makueni,0.0,18.6
2024-04-30,Nairobi,0.0,28.4
2024-04-30,Nakuru,0.0,30.2
2024-04-30,Uasin Gishu,2.7,22.6
2024-05-01,Machakos,12.6,20.1
2024-05-01,Kitui,8.5,22.3
2024-05-01,Makueni,14.3,21.0
2024-05-01,Nairobi,4.8,28.2
2024-05-01,Nakuru,13.5,27.9
2024-05-01,Uasin Gishu,3.0,22.0
2024-05-02,Machakos,16.5,24.1
2024-05-02,Kitui,0.0,25.6
2024-05-02,Makueni,9.7,25.1
2024-05-02,Nairobi,12.8,23.0
2024-05-02,Nakuru,0.0,19.7
2024-05-02,Uasin Gishu,0.0,24.2
2024-05-03,Machakos,5.9,25.5
2024-05-03,Kitui,8.9,21.2
2024-05-03,Makueni,,22.3
2024-05-03,Nairobi,19.7,23.7
2024-05-03,Nakuru,1.3,27.3
2024-05-03,Uasin Gishu,1.1,27.5
2024-05-04,Machakos,13.0,26.5
2024-05-04,Kitui,0.0,24.8
2024-05-04,Makueni,0.0,23.3
2024-05-04,Nairobi,0.0,25.1
2024-05-04,Nakuru,9.6,24.7
2024-05-04,Uasin Gishu,4.8,24.5
2024-05-05,Machakos,4.0,29.1
2024-05-05,Kitui,10.4,24.3
2024-05-05,Makueni,0.0,27.5
2024-05-05,Nairobi,16.4,25.2
2024-05-05,Nakuru,0.0,25.8
2024-05-05,Uasin Gishu,0.0,25.8
2024-05-06,Machakos,3.3,28.3
2024-05-06,Kitui,0.0,21.2
2024-05-06,Makueni,,25.8
2024-05-06,Nairobi,7.0,21.1
2024-05-06,Nakuru,0.1,18.5
2024-05-06,Uasin Gishu,0.0,17.1
2024-05-07,Machakos,14.8,21.8
2024-05-07,Kitui,0.0,17.7
2024-05-07,Makueni,14.6,22.6
2024-05-07,Nairobi,5.7,20.8
2024-05-07,Nakuru,28.7,27.0
2024-05-07,Uasin Gishu,0.0,22.5
2024-05-08,Machakos,2.9,23.8
2024-05-08,Kitui,8.0,21.4
2024-05-08,Makueni,0.0,19.1
2024-05-08,Nairobi,17.4,24.9
2024-05-08,Nakuru,1.2,25.7
2024-05-08,Uasin Gishu,3.0,22.7
2024-05-09,Machakos,0.0,20.5
2024-05-09,Kitui,0.0,30.0
2024-05-09,Makueni,6.0,25.7
2024-05-09,Nairobi,2.6,24.2
2024-05-09,Nakuru,4.6,20.8
2024-05-09,Uasin Gishu,0.1,21.1
2024-05-10,Machakos,13.2,24.8
2024-05-10,Kitui,0.0,20.9
2024-05-10,Makueni,0.0,17.3
2024-05-10,Nairobi,0.0,26.1
2024-05-10,Nakuru,3.3,22.6
2024-05-10,Uasin Gishu,0.0,25.6
2024-05-11,Machakos,5.3,19.1
2024-05-11,Kitui,0.6,24.1
2024-05-11,Makueni,0.0,26.0
2024-05-11,Nairobi,0.0,30.7
2024-05-11,Nakuru,4.6,25.3
2024-05-11,Uasin Gishu,2.3,24.6
2024-05-12,Machakos,0.0,25.1
2024-05-12,Kitui,0.0,21.8
2024-05-12,Makueni,0.0,18.5
2024-05-12,Nairobi,11.1,22.5
2024-05-12,Nakuru,1.3,22.5
2024-05-12,Uasin Gishu,8.8,18.6
2024-05-13,Machakos,4.6,24.2
2024-05-13,Kitui,0.4,28.2
2024-05-13,Makueni,0.0,21.4
2024-05-13,Nairobi,6.0,23.3
2024-05-13,Nakuru,9.4,21.5
2024-05-13,Uasin Gishu,2.7,26.1
2024-05-14,Machakos,0.0,22.9
2024-05-14,Kitui,15.7,22.1
2024-05-14,Makueni,0.0,26.6
2024-05-14,Nairobi,3.3,23.8
2024-05-14,Nakuru,,25.0
2024-05-14,Uasin Gishu,0.0,21.3
2024-05-15,Machakos,9.9,19.9
2024-05-15,Kitui,13.0,23.0
2024-05-15,Makueni,0.0,27.2
2024-05-15,Nairobi,1.3,24.6
2024-05-15,Nakuru,0.0,20.5
2024-05-15,Uasin Gishu,1.5,18.1
2024-05-16,Machakos,0.0,27.8
2024-05-16,Kitui,0.0,20.2
2024-05-16,Makueni,10.5,27.6
2024-05-16,Nairobi,4.4,24.4
2024-05-16,Nakuru,,21.3
2024-05-16,Uasin Gishu,7.4,19.7
2024-05-17,Machakos,14.1,23.0
2024-05-17,Kitui,9.7,23.5
2024-05-17,Makueni,0.0,26.6
2024-05-17,Nairobi,1.1,18.7
2024-05-17,Nakuru,1.2,23.3
2024-05-17,Uasin Gishu,6.9,19.9
2024-05-18,Machakos,,24.0
2024-05-18,Kitui,3.2,17.9
2024-05-18,Makueni,0.0,22.3
2024-05-18,Nairobi,7.6,18.8
2024-05-18,Nakuru,12.7,20.2
2024-05-18,Uasin Gishu,8.8,20.6
2024-05-19,Machakos,8.1,20.5
2024-05-19,Kitui,12.6,18.4
2024-05-19,Makueni,15.4,19.7
2024-05-19,Nairobi,5.7,20.1
2024-05-19,Nakuru,0.0,25.8
2024-05-19,Uasin Gishu,3.3,27.9
2024-05-20,Machakos,0.3,21.4
2024-05-20,Kitui,4.0,25.7
2024-05-20,Makueni,0.7,25.3
2024-05-20,Nairobi,0.0,19.5
2024-05-20,Nakuru,,19.6
2024-05-20,Uasin Gishu,0.8,26.8
2024-05-21,Machakos,0.0,28.2
2024-05-21,Kitui,9.6,24.9
2024-05-21,Makueni,4.5,21.2
2024-05-21,Nairobi,18.3,25.2
2024-05-21,Nakuru,1.3,20.4
2024-05-21,Uasin Gishu,3.6,26.4
2024-05-22,Machakos,10.2,25.2
2024-05-22,Kitui,2.8,27.9
2024-05-22,Makueni,6.1,14.8
2024-05-22,Nairobi,8.3,23.7
2024-05-22,Nakuru,10.2,25.4
2024-05-22,Uasin Gishu,13.3,29.9
2024-05-23,Machakos,2.4,23.9
2024-05-23,Kitui,0.0,21.8
2024-05-23,Makueni,14.1,22.6
2024-05-23,Nairobi,3.5,22.9
2024-05-23,Nakuru,0.0,26.5
2024-05-23,Uasin Gishu,1.5,22.0
2024-05-24,Machakos,6.8,20.4
2024-05-24,Kitui,11.5,25.3
2024-05-24,Makueni,7.1,22.6
2024-05-24,Nairobi,14.7,27.3
2024-05-24,Nakuru,1.1,29.9
2024-05-24,Uasin Gishu,0.0,20.3
2024-05-25,Machakos,4.1,28.1
2024-05-25,Kitui,8.5,19.8
2024-05-25,Makueni,0.0,27.3
2024-05-25,Nairobi,0.0,22.0
2024-05-25,Nakuru,,26.1
2024-05-25,Uasin Gishu,1.7,23.0
2024-05-26,Machakos,3.0,24.0
2024-05-26,Kitui,0.0,23.2
2024-05-26,Makueni,16.4,25.8
2024-05-26,Nairobi,2.4,25.5
2024-05-26,Nakuru,6.3,28.2
2024-05-26,Uasin Gishu,0.0,15.5
2024-05-27,Machakos,0.0,22.7
2024-05-27,Kitui,13.7,21.9
2024-05-27,Makueni,1.2,22.8
2024-05-27,Nairobi,3.1,26.9
2024-05-27,Nakuru,0.0,25.2
2024-05-27,Uasin Gishu,4.5,18.9
2024-05-28,Machakos,0.0,25.5
2024-05-28,Kitui,8.7,27.4
2024-05-28,Makueni,5.7,22.2
2024-05-28,Nairobi,0.0,26.5
2024-05-28,Nakuru,0.0,21.7
2024-05-28,Uasin Gishu,0.0,17.8
2024-05-29,Machakos,3.7,21.3
2024-05-29,Kitui,3.0,27.3
2024-05-29,Makueni,0.0,28.2
2024-05-29,Nairobi,6.6,20.8
2024-05-29,Nakuru,0.0,20.4
2024-05-29,Uasin Gishu,3.4,24.7
2024-05-30,Machakos,0.0,26.9
2024-05-30,Kitui,5.9,20.9
2024-05-30,Makueni,16.9,21.2
2024-05-30,Nairobi,2.2,20.8
2024-05-30,Nakuru,0.0,23.4
2024-05-30,Uasin Gishu,12.5,17.3
2024-05-31,Machakos,15.4,21.7
2024-05-31,Kitui,6.5,20.5
2024-05-31,Makueni,8.9,15.0
2024-05-31,Nairobi,0.0,28.3
2024-05-31,Nakuru,13.7,20.3
2024-05-31,Uasin Gishu,0.0,22.1
2024-06-01,Machakos,,24.8
2024-06-01,Kitui,,22.0
2024-06-01,Makueni,1.0,24.9
2024-06-01,Nairobi,8.7,24.1
2024-06-01,Nakuru,0.0,29.7
2024-06-01,Uasin Gishu,4.2,18.5
2024-06-02,Machakos,6.8,19.2
2024-06-02,Kitui,9.4,21.1
2024-06-02,Makueni,0.0,21.1
2024-06-02,Nairobi,0.4,24.8
2024-06-02,Nakuru,10.3,29.0
2024-06-02,Uasin Gishu,7.5,26.2
2024-06-03,Machakos,6.5,18.2
2024-06-03,Kitui,18.4,27.0
2024-06-03,Makueni,2.8,20.0
2024-06-03,Nairobi,2.9,22.0
2024-06-03,Nakuru,0.0,24.6
2024-06-03,Uasin Gishu,0.0,22.1
2024-06-04,Machakos,0.3,32.2
2024-06-04,Kitui,8.4,20.9
2024-06-04,Makueni,12.1,21.0
2024-06-04,Nairobi,18.9,21.7
2024-06-04,Nakuru,10.5,23.3
2024-06-04,Uasin Gishu,0.0,23.6
2024-06-05,Machakos,3.7,24.1
2024-06-05,Kitui,0.0,23.6
2024-06-05,Makueni,2.2,21.7
2024-06-05,Nairobi,11.2,25.4
2024-06-05,Nakuru,0.8,24.7
2024-06-05,Uasin Gishu,15.9,16.6
2024-06-06,Machakos,7.4,24.4
2024-06-06,Kitui,,24.1
2024-06-06,Makueni,3.9,23.0
2024-06-06,Nairobi,3.3,23.9
2024-06-06,Nakuru,12.5,24.9
2024-06-06,Uasin Gishu,0.9,27.8
2024-06-07,Machakos,3.3,27.2
2024-06-07,Kitui,0.0,24.6
2024-06-07,Makueni,7.8,17.8
2024-06-07,Nairobi,0.3,24.0
2024-06-07,Nakuru,0.0,23.5
2024-06-07,Uasin Gishu,0.0,24.7
2024-06-08,Machakos,17.0,21.3
2024-06-08,Kitui,2.5,28.3
2024-06-08,Makueni,0.0,24.9
2024-06-08,Nairobi,8.6,22.0
2024-06-08,Nakuru,1.1,22.8
2024-06-08,Uasin Gishu,9.2,22.2
2024-06-09,Machakos,,23.4
2024-06-09,Kitui,0.3,25.5
2024-06-09,Makueni,17.9,22.3
2024-06-09,Nairobi,0.0,22.3
2024-06-09,Nakuru,14.3,20.6
2024-06-09,Uasin Gishu,3.2,25.3
2024-06-10,Machakos,0.3,21.9
2024-06-10,Kitui,11.5,29.0
2024-06-10,Makueni,6.6,26.3
2024-06-10,Nairobi,7.6,24.4
2024-06-10,Nakuru,4.4,22.0
2024-06-10,Uasin Gishu,10.3,17.2
2024-06-11,Machakos,19.7,22.6
2024-06-11,Kitui,0.0,22.6
2024-06-11,Makueni,0.0,20.1
2024-06-11,Nairobi,6.6,26.1
2024-06-11,Nakuru,2.7,21.3
2024-06-11,Uasin Gishu,,22.1
2024-06-12,Machakos,1.6,20.7
2024-06-12,Kitui,0.0,21.7
2024-06-12,Makueni,6.5,23.0
2024-06-12,Nairobi,0.0,24.2
2024-06-12,Nakuru,4.8,28.4
2024-06-12,Uasin Gishu,11.9,22.9
2024-06-13,Machakos,9.5,22.4
2024-06-13,Kitui,7.8,19.5
2024-06-13,Makueni,0.7,24.7
2024-06-13,Nairobi,15.0,17.5
2024-06-13,Nakuru,3.1,24.8
2024-06-13,Uasin Gishu,6.8,28.5
2024-06-14,Machakos,3.7,17.2
2024-06-14,Kitui,5.7,28.6
2024-06-14,Makueni,0.0,24.3
2024-06-14,Nairobi,0.0,24.4
2024-06-14,Nakuru,11.5,22.2
2024-06-14,Uasin Gishu,0.0,24.4
2024-06-15,Machakos,0.0,21.1
2024-06-15,Kitui,13.4,25.8
2024-06-15,Makueni,14.5,23.6
2024-06-15,Nairobi,4.9,20.2
2024-06-15,Nakuru,6.4,27.9
2024-06-15,Uasin Gishu,2.5,25.8
2024-06-16,Machakos,0.3,17.2
2024-06-16,Kitui,11.3,22.7
2024-06-16,Makueni,0.2,23.6
2024-06-16,Nairobi,18.3,27.3
2024-06-16,Nakuru,10.5,18.9
2024-06-16,Uasin Gishu,11.1,30.4
2024-06-17,Machakos,0.0,22.2
2024-06-17,Kitui,0.0,24.9
2024-06-17,Makueni,6.5,25.3
2024-06-17,Nairobi,0.0,21.6
2024-06-17,Nakuru,0.0,26.6
2024-06-17,Uasin Gishu,0.0,26.8
2024-06-18,Machakos,3.3,23.4
2024-06-18,Kitui,9.8,21.7
2024-06-18,Makueni,3.1,20.9
2024-06-18,Nairobi,8.9,25.9
2024-06-18,Nakuru,21.4,20.0
2024-06-18,Uasin Gishu,7.9,22.8
2024-06-19,Machakos,21.7,21.2
2024-06-19,Kitui,0.0,22.4
2024-06-19,Makueni,13.3,21.2
2024-06-19,Nairobi,7.3,23.8
2024-06-19,Nakuru,2.7,19.3
2024-06-19,Uasin Gishu,0.5,21.7
2024-06-20,Machakos,0.0,23.4
2024-06-20,Kitui,0.0,25.9
2024-06-20,Makueni,,22.9
2024-06-20,Nairobi,0.0,28.2
2024-06-20,Nakuru,0.0,21.3
2024-06-20,Uasin Gishu,0.0,24.8
2024-06-21,Machakos,8.1,19.1
2024-06-21,Kitui,0.0,27.5
2024-06-21,Makueni,,27.1
2024-06-21,Nairobi,0.0,23.4
2024-06-21,Nakuru,4.5,26.6
2024-06-21,Uasin Gishu,5.0,22.3
2024-06-22,Machakos,5.2,31.2
2024-06-22,Kitui,0.0,25.1
2024-06-22,Makueni,0.0,26.0
2024-06-22,Nairobi,0.0,24.8
2024-06-22,Nakuru,0.0,27.1
2024-06-22,Uasin Gishu,6.4,21.9
2024-06-23,Machakos,0.0,26.7
2024-06-23,Kitui,5.0,31.2
2024-06-23,Makueni,0.0,14.2
2024-06-23,Nairobi,1.1,21.3
2024-06-23,Nakuru,15.5,23.3
2024-06-23,Uasin Gishu,0.0,22.7
2024-06-24,Machakos,9.4,18.8
2024-06-24,Kitui,1.8,22.6
2024-06-24,Makueni,1.1,25.8
2024-06-24,Nairobi,12.5,25.7
2024-06-24,Nakuru,14.9,24.0
2024-06-24,Uasin Gishu,8.4,17.6
2024-06-25,Machakos,15.1,21.9
2024-06-25,Kitui,0.0,27.6
2024-06-25,Makueni,,27.6
2024-06-25,Nairobi,0.0,24.1
2024-06-25,Nakuru,6.6,28.2
2024-06-25,Uasin Gishu,0.0,20.2
2024-06-26,Machakos,16.2,18.2
2024-06-26,Kitui,0.0,21.0
2024-06-26,Makueni,11.4,23.4
2024-06-26,Nairobi,1.8,23.4
2024-06-26,Nakuru,5.8,23.4
2024-06-26,Uasin Gishu,11.4,22.8
2024-06-27,Machakos,0.0,17.9
2024-06-27,Kitui,11.6,22.7
2024-06-27,Makueni,7.1,26.0
2024-06-27,Nairobi,15.4,19.2
2024-06-27,Nakuru,0.0,22.2
2024-06-27,Uasin Gishu,0.0,25.0
2024-06-28,Machakos,3.0,19.3
2024-06-28,Kitui,6.6,22.5
2024-06-28,Makueni,5.4,25.0
2024-06-28,Nairobi,0.0,21.1
2024-06-28,Nakuru,1.1,28.2
2024-06-28,Uasin Gishu,3.5,19.4
2024-06-29,Machakos,12.8,22.2
2024-06-29,Kitui,20.0,24.8
2024-06-29,Makueni,0.0,25.3
2024-06-29,Nairobi,0.0,20.9
2024-06-29,Nakuru,0.0,25.4
2024-06-29,Uasin Gishu,0.0,23.1
2024-06-30,Machakos,0.0,27.3
2024-06-30,Kitui,0.0,20.1
2024-06-30,Makueni,6.2,19.2
2024-06-30,Nairobi,0.0,23.1
2024-06-30,Nakuru,0.0,25.0
2024-06-30,Uasin Gishu,1.5,24.0
2024-07-01,Machakos,1.1,22.6
2024-07-01,Kitui,8.6,10.9
2024-07-01,Makueni,5.8,25.6
2024-07-01,Nairobi,0.0,24.8
2024-07-01,Nakuru,4.8,23.9
2024-07-01,Uasin Gishu,4.7,19.9
2024-07-02,Machakos,6.1,25.9
2024-07-02,Kitui,0.0,18.5
2024-07-02,Makueni,0.0,22.6
2024-07-02,Nairobi,6.4,24.1
2024-07-02,Nakuru,0.0,24.0
2024-07-02,Uasin Gishu,3.1,23.1
2024-07-03,Machakos,0.0,23.0
2024-07-03,Kitui,13.6,26.1
2024-07-03,Makueni,0.0,18.4
2024-07-03,Nairobi,6.7,16.9
2024-07-03,Nakuru,1.9,25.6
2024-07-03,Uasin Gishu,0.0,23.1
2024-07-04,Machakos,5.1,23.5
2024-07-04,Kitui,1.7,20.0
2024-07-04,Makueni,12.4,21.7
2024-07-04,Nairobi,10.8,22.9
2024-07-04,Nakuru,0.0,20.8
2024-07-04,Uasin Gishu,0.0,20.2
2024-07-05,Machakos,0.0,24.0
2024-07-05,Kitui,0.0,26.8
2024-07-05,Makueni,12.8,27.4
2024-07-05,Nairobi,0.0,21.7
2024-07-05,Nakuru,0.0,22.2
2024-07-05,Uasin Gishu,7.5,20.8
2024-07-06,Machakos,9.0,25.4
2024-07-06,Kitui,8.1,20.8
2024-07-06,Makueni,0.4,28.5
2024-07-06,Nairobi,5.5,25.2
2024-07-06,Nakuru,0.0,22.2
2024-07-06,Uasin Gishu,10.1,23.7
2024-07-07,Machakos,0.0,19.7
2024-07-07,Kitui,0.0,29.6
2024-07-07,Makueni,0.0,24.9
2024-07-07,Nairobi,11.5,23.6
2024-07-07,Nakuru,,22.7
2024-07-07,Uasin Gishu,,19.7
2024-07-08,Machakos,7.1,22.0
2024-07-08,Kitui,4.8,24.3
2024-07-08,Makueni,0.0,20.4
2024-07-08,Nairobi,10.4,23.1
2024-07-08,Nakuru,0.0,21.2
2024-07-08,Uasin Gishu,0.0,28.7
2024-07-09,Machakos,11.1,23.4
2024-07-09,Kitui,12.6,26.6
2024-07-09,Makueni,0.0,29.8
2024-07-09,Nairobi,6.2,24.2
2024-07-09,Nakuru,11.2,26.1
2024-07-09,Uasin Gishu,0.0,27.7
2024-07-10,Machakos,0.0,23.9
2024-07-10,Kitui,0.0,18.0
2024-07-10,Makueni,,26.9
2024-07-10,Nairobi,0.0,22.7
2024-07-10,Nakuru,4.8,24.3
2024-07-10,Uasin Gishu,0.0,20.8
2024-07-11,Machakos,8.5,24.6
2024-07-11,Kitui,0.0,17.4
2024-07-11,Makueni,17.5,16.9
2024-07-11,Nairobi,2.0,17.8
2024-07-11,Nakuru,12.9,22.2
2024-07-11,Uasin Gishu,10.4,24.2
2024-07-12,Machakos,1.0,25.2
2024-07-12,Kitui,,20.7
2024-07-12,Makueni,0.0,21.4
2024-07-12,Nairobi,5.4,24.8
2024-07-12,Nakuru,0.0,21.5
2024-07-12,Uasin Gishu,0.0,25.7
2024-07-13,Machakos,1.6,23.3
2024-07-13,Kitui,,29.0
2024-07-13,Makueni,17.7,24.5
2024-07-13,Nairobi,10.3,25.4
2024-07-13,Nakuru,0.0,28.3
2024-07-13,Uasin Gishu,0.0,17.9
2024-07-14,Machakos,8.7,20.3
2024-07-14,Kitui,0.0,22.2
2024-07-14,Makueni,0.0,22.3
2024-07-14,Nairobi,15.0,24.1
2024-07-14,Nakuru,16.6,26.7
2024-07-14,Uasin Gishu,0.0,21.2
2024-07-15,Machakos,0.0,27.1
2024-07-15,Kitui,0.0,23.9
2024-07-15,Makueni,0.0,26.7
2024-07-15,Nairobi,0.0,26.1
2024-07-15,Nakuru,0.0,28.2
2024-07-15,Uasin Gishu,10.1,23.6
2024-07-16,Machakos,7.7,20.5
2024-07-16,Kitui,15.9,25.4
2024-07-16,Makueni,8.2,26.2
2024-07-16,Nairobi,5.5,22.7
2024-07-16,Nakuru,3.2,19.9
2024-07-16,Uasin Gishu,10.1,26.5
2024-07-17,Machakos,2.4,24.0
2024-07-17,Kitui,0.0,21.9
2024-07-17,Makueni,7.3,20.3
2024-07-17,Nairobi,4.5,22.8
2024-07-17,Nakuru,4.2,21.3
2024-07-17,Uasin Gishu,7.1,24.2
2024-07-18,Machakos,5.6,27.4
2024-07-18,Kitui,0.0,20.0
2024-07-18,Makueni,0.0,21.2
2024-07-18,Nairobi,7.3,18.9
2024-07-18,Nakuru,9.9,27.3
2024-07-18,Uasin Gishu,0.0,23.3
2024-07-19,Machakos,0.7,22.8
2024-07-19,Kitui,0.0,19.9
2024-07-19,Makueni,,22.8
2024-07-19,Nairobi,1.7,26.7
2024-07-19,Nakuru,7.2,22.6
2024-07-19,Uasin Gishu,6.6,24.6
2024-07-20,Machakos,0.0,27.9
2024-07-20,Kitui,8.3,25.4
2024-07-20,Makueni,4.9,27.9
2024-07-20,Nairobi,0.0,22.1
2024-07-20,Nakuru,0.0,19.5
2024-07-20,Uasin Gishu,1.0,23.1
2024-07-21,Machakos,16.3,24.4
2024-07-21,Kitui,0.0,16.8
2024-07-21,Makueni,0.0,25.1
2024-07-21,Nairobi,0.0,25.3
2024-07-21,Nakuru,2.6,30.0
2024-07-21,Uasin Gishu,1.7,21.4
2024-07-22,Machakos,4.2,21.8
2024-07-22,Kitui,8.8,31.5
2024-07-22,Makueni,0.0,18.3
2024-07-22,Nairobi,9.5,25.0
2024-07-22,Nakuru,0.0,19.9
2024-07-22,Uasin Gishu,4.8,20.8
2024-07-23,Machakos,1.3,22.1
2024-07-23,Kitui,0.0,26.8
2024-07-23,Makueni,0.0,19.5
2024-07-23,Nairobi,0.3,24.2
2024-07-23,Nakuru,12.4,23.0
2024-07-23,Uasin Gishu,0.0,23.6
2024-07-24,Machakos,0.0,26.6
2024-07-24,Kitui,1.6,20.0
2024-07-24,Makueni,0.0,21.6
2024-07-24,Nairobi,21.6,24.4
2024-07-24,Nakuru,2.7,25.2
2024-07-24,Uasin Gishu,0.0,20.2
2024-07-25,Machakos,0.0,27.5
2024-07-25,Kitui,11.2,21.4
2024-07-25,Makueni,1.9,29.9
2024-07-25,Nairobi,0.0,19.0
2024-07-25,Nakuru,5.3,24.3
2024-07-25,Uasin Gishu,14.5,19.4
2024-07-26,Machakos,0.0,25.6
2024-07-26,Kitui,12.6,20.8
2024-07-26,Makueni,1.4,28.2
2024-07-26,Nairobi,18.5,24.4
2024-07-26,Nakuru,5.2,15.7
2024-07-26,Uasin Gishu,3.5,23.5
2024-07-27,Machakos,0.0,22.3
2024-07-27,Kitui,0.0,17.4
2024-07-27,Makueni,0.0,30.8
2024-07-27,Nairobi,6.2,27.7
2024-07-27,Nakuru,1.9,27.5
2024-07-27,Uasin Gishu,0.0,21.4
2024-07-28,Machakos,4.2,20.3
2024-07-28,Kitui,0.0,20.6
2024-07-28,Makueni,0.0,24.6
2024-07-28,Nairobi,1.5,27.2
2024-07-28,Nakuru,2.0,21.4
2024-07-28,Uasin Gishu,0.0,22.0
2024-07-29,Machakos,7.6,22.2
2024-07-29,Kitui,0.0,19.2
2024-07-29,Makueni,8.6,22.5
2024-07-29,Nairobi,,24.0
2024-07-29,Nakuru,0.0,25.4
2024-07-29,Uasin Gishu,9.0,22.7
2024-07-30,Machakos,3.4,22.9
2024-07-30,Kitui,,23.6
2024-07-30,Makueni,10.7,22.7
2024-07-30,Nairobi,0.0,25.9
2024-07-30,Nakuru,6.7,24.3
2024-07-30,Uasin Gishu,0.0,21.1
2024-07-31,Machakos,8.1,26.7
2024-07-31,Kitui,6.7,24.6
2024-07-31,Makueni,3.0,25.2
2024-07-31,Nairobi,,29.7
2024-07-31,Nakuru,,21.8
2024-07-31,Uasin Gishu,0.0,20.3
2024-08-01,Machakos,0.0,24.9
2024-08-01,Kitui,19.4,27.0
2024-08-01,Makueni,7.1,24.9
2024-08-01,Nairobi,4.6,29.5
2024-08-01,Nakuru,0.0,24.6
2024-08-01,Uasin Gishu,3.8,23.0
2024-08-02,Machakos,9.2,21.8
2024-08-02,Kitui,4.2,21.7
2024-08-02,Makueni,10.0,20.6
2024-08-02,Nairobi,0.0,27.4
2024-08-02,Nakuru,0.0,26.2
2024-08-02,Uasin Gishu,4.5,26.8
2024-08-03,Machakos,1.3,25.5
2024-08-03,Kitui,4.0,25.2
2024-08-03,Makueni,12.0,23.4
2024-08-03,Nairobi,4.1,29.6
2024-08-03,Nakuru,2.3,19.5
2024-08-03,Uasin Gishu,0.3,22.1
2024-08-04,Machakos,0.0,20.4
2024-08-04,Kitui,0.0,26.3
2024-08-04,Makueni,14.7,21.9
2024-08-04,Nairobi,0.0,23.1
2024-08-04,Nakuru,0.0,16.9
2024-08-04,Uasin Gishu,5.6,22.3
2024-08-05,Machakos,4.5,20.5
2024-08-05,Kitui,,23.9
2024-08-05,Makueni,17.6,25.3
2024-08-05,Nairobi,0.0,25.2
2024-08-05,Nakuru,17.6,20.3
2024-08-05,Uasin Gishu,0.0,22.8
2024-08-06,Machakos,4.2,23.6
2024-08-06,Kitui,11.2,26.0
2024-08-06,Makueni,0.0,21.2
2024-08-06,Nairobi,2.1,23.0
2024-08-06,Nakuru,4.4,19.9
2024-08-06,Uasin Gishu,0.0,23.8
2024-08-07,Machakos,2.5,21.7
2024-08-07,Kitui,18.0,25.4
2024-08-07,Makueni,0.0,19.8
2024-08-07,Nairobi,9.2,20.7
2024-08-07,Nakuru,0.0,21.3
2024-08-07,Uasin Gishu,3.0,23.2
2024-08-08,Machakos,0.0,25.4
2024-08-08,Kitui,0.1,26.8
2024-08-08,Makueni,17.1,29.9
2024-08-08,Nairobi,3.5,24.1
2024-08-08,Nakuru,26.8,25.0
2024-08-08,Uasin Gishu,10.3,23.5
2024-08-09,Machakos,1.8,24.2
2024-08-09,Kitui,0.0,25.1
2024-08-09,Makueni,0.0,22.3
2024-08-09,Nairobi,0.1,26.8
2024-08-09,Nakuru,2.4,26.5
2024-08-09,Uasin Gishu,16.4,21.4
2024-08-10,Machakos,13.4,22.7
2024-08-10,Kitui,,25.1
2024-08-10,Makueni,5.1,26.9
2024-08-10,Nairobi,11.1,20.3
2024-08-10,Nakuru,0.0,29.1
2024-08-10,Uasin Gishu,2.5,19.4
2024-08-11,Machakos,0.0,22.1
2024-08-11,Kitui,1.4,20.9
2024-08-11,Makueni,12.8,25.5
2024-08-11,Nairobi,16.6,21.9
2024-08-11,Nakuru,0.0,28.5
2024-08-11,Uasin Gishu,9.5,29.6
2024-08-12,Machakos,6.6,24.8
2024-08-12,Kitui,7.8,19.2
2024-08-12,Makueni,8.4,18.4
2024-08-12,Nairobi,0.0,20.3
2024-08-12,Nakuru,4.2,20.7
2024-08-12,Uasin Gishu,13.9,18.7
2024-08-13,Machakos,4.2,24.7
2024-08-13,Kitui,12.4,26.0
2024-08-13,Makueni,4.1,17.3
2024-08-13,Nairobi,4.5,25.1
2024-08-13,Nakuru,0.0,23.3
2024-08-13,Uasin Gishu,2.9,24.0
2024-08-14,Machakos,11.2,26.2
2024-08-14,Kitui,0.0,22.2
2024-08-14,Makueni,4.7,20.2
2024-08-14,Nairobi,0.0,21.7
2024-08-14,Nakuru,0.0,22.7
2024-08-14,Uasin Gishu,12.0,22.1
2024-08-15,Machakos,10.0,26.8
2024-08-15,Kitui,,22.1
2024-08-15,Makueni,8.9,29.4
2024-08-15,Nairobi,0.0,24.1
2024-08-15,Nakuru,11.0,23.5
2024-08-15,Uasin Gishu,6.3,26.4
2024-08-16,Machakos,,20.2
2024-08-16,Kitui,0.0,19.3
2024-08-16,Makueni,0.0,20.0
2024-08-16,Nairobi,6.7,23.2
2024-08-16,Nakuru,14.4,21.0
2024-08-16,Uasin Gishu,21.2,27.6
2024-08-17,Machakos,8.8,25.1
2024-08-17,Kitui,0.0,17.6
2024-08-17,Makueni,0.0,25.0
2024-08-17,Nairobi,0.0,22.9
2024-08-17,Nakuru,0.0,24.1
2024-08-17,Uasin Gishu,0.0,21.9
2024-08-18,Machakos,0.0,27.6
2024-08-18,Kitui,0.0,24.8
2024-08-18,Makueni,0.5,20.9
2024-08-18,Nairobi,2.9,24.6
2024-08-18,Nakuru,7.5,25.3
2024-08-18,Uasin Gishu,0.0,24.4
2024-08-19,Machakos,6.4,21.1
2024-08-19,Kitui,10.3,24.1
2024-08-19,Makueni,0.0,23.2
2024-08-19,Nairobi,5.8,22.8
2024-08-19,Nakuru,12.5,24.6
2024-08-19,Uasin Gishu,5.1,24.7
2024-08-20,Machakos,1.4,27.4
2024-08-20,Kitui,5.7,25.0
2024-08-20,Makueni,14.3,22.6
2024-08-20,Nairobi,0.0,27.7
2024-08-20,Nakuru,0.0,26.4
2024-08-20,Uasin Gishu,23.4,22.4
2024-08-21,Machakos,0.0,18.8
2024-08-21,Kitui,8.0,22.0
2024-08-21,Makueni,3.3,21.3
2024-08-21,Nairobi,17.8,21.0
2024-08-21,Nakuru,5.3,23.5
2024-08-21,Uasin Gishu,5.5,22.3
2024-08-22,Machakos,0.0,21.8
2024-08-22,Kitui,0.0,20.8
2024-08-22,Makueni,15.1,22.7
2024-08-22,Nairobi,0.0,25.7
2024-08-22,Nakuru,0.0,23.8
2024-08-22,Uasin Gishu,9.5,26.5
2024-08-23,Machakos,0.0,18.3
2024-08-23,Kitui,22.9,20.7
2024-08-23,Makueni,0.0,21.8
2024-08-23,Nairobi,0.6,27.0
2024-08-23,Nakuru,4.9,24.7
2024-08-23,Uasin Gishu,0.0,22.9
2024-08-24,Machakos,9.7,22.3
2024-08-24,Kitui,0.0,27.4
2024-08-24,Makueni,0.0,22.5
2024-08-24,Nairobi,0.0,25.7
2024-08-24,Nakuru,0.0,27.1
2024-08-24,Uasin Gishu,4.8,25.2
2024-08-25,Machakos,0.0,25.5
2024-08-25,Kitui,0.0,25.4
2024-08-25,Makueni,0.0,21.1
2024-08-25,Nairobi,3.7,27.3
2024-08-25,Nakuru,20.4,18.8
2024-08-25,Uasin Gishu,0.5,23.6
2024-08-26,Machakos,9.5,21.3
2024-08-26,Kitui,11.9,23.6
2024-08-26,Makueni,4.1,22.5
2024-08-26,Nairobi,0.5,22.1
2024-08-26,Nakuru,0.0,23.1
2024-08-26,Uasin Gishu,11.8,18.5
2024-08-27,Machakos,6.2,23.1
2024-08-27,Kitui,0.0,28.3
2024-08-27,Makueni,0.0,28.4
2024-08-27,Nairobi,0.0,20.9
2024-08-27,Nakuru,0.4,22.0
2024-08-27,Uasin Gishu,5.9,17.4
2024-08-28,Machakos,2.2,20.3
2024-08-28,Kitui,21.3,21.6
2024-08-28,Makueni,3.5,27.5
2024-08-28,Nairobi,13.5,22.5
2024-08-28,Nakuru,16.3,23.9
2024-08-28,Uasin Gishu,19.3,26.0
2024-08-29,Machakos,19.6,28.3
2024-08-29,Kitui,9.7,29.9
2024-08-29,Makueni,5.2,30.1
2024-08-29,Nairobi,14.4,19.5
2024-08-29,Nakuru,0.0,25.5
2024-08-29,Uasin Gishu,0.0,26.9
2024-08-30,Machakos,2.9,25.3
2024-08-30,Kitui,1.0,22.7
2024-08-30,Makueni,0.0,16.9
2024-08-30,Nairobi,11.1,17.4
2024-08-30,Nakuru,0.0,24.1
2024-08-30,Uasin Gishu,5.1,21.7
2024-08-31,Machakos,7.6,23.3
2024-08-31,Kitui,,28.2
2024-08-31,Makueni,6.9,20.0
2024-08-31,Nairobi,2.7,24.2
2024-08-31,Nakuru,11.5,26.3
2024-08-31,Uasin Gishu,0.0,23.3
2024-09-01,Machakos,0.4,27.8
2024-09-01,Kitui,0.5,24.4
2024-09-01,Makueni,5.8,18.9
2024-09-01,Nairobi,0.0,22.7
2024-09-01,Nakuru,0.0,25.8
2024-09-01,Uasin Gishu,0.0,21.6
2024-09-02,Machakos,5.5,23.2
2024-09-02,Kitui,0.0,25.4
2024-09-02,Makueni,0.6,24.6
2024-09-02,Nairobi,0.5,22.8
2024-09-02,Nakuru,0.0,24.4
2024-09-02,Uasin Gishu,0.0,25.7
2024-09-03,Machakos,0.0,20.8
2024-09-03,Kitui,6.1,19.3
2024-09-03,Makueni,0.0,25.0
2024-09-03,Nairobi,3.4,22.4
2024-09-03,Nakuru,0.0,23.4
2024-09-03,Uasin Gishu,0.0,25.4
2024-09-04,Machakos,8.0,25.6
2024-09-04,Kitui,14.9,17.3
2024-09-04,Makueni,0.0,20.6
2024-09-04,Nairobi,0.0,24.3
2024-09-04,Nakuru,0.0,26.2
2024-09-04,Uasin Gishu,14.0,25.6
2024-09-05,Machakos,10.2,24.0
2024-09-05,Kitui,3.3,25.2
2024-09-05,Makueni,1.3,20.4
2024-09-05,Nairobi,0.0,22.3
2024-09-05,Nakuru,6.1,19.6
2024-09-05,Uasin Gishu,2.8,18.0
2024-09-06,Machakos,3.0,23.3
2024-09-06,Kitui,2.9,24.6
2024-09-06,Makueni,3.0,18.3
2024-09-06,Nairobi,3.2,21.8
2024-09-06,Nakuru,6.8,20.9
2024-09-06,Uasin Gishu,16.5,19.1
2024-09-07,Machakos,2.4,27.5
2024-09-07,Kitui,3.8,20.0
2024-09-07,Makueni,1.4,19.7
2024-09-07,Nairobi,0.2,29.4
2024-09-07,Nakuru,5.5,23.6
2024-09-07,Uasin Gishu,9.0,22.2
2024-09-08,Machakos,4.0,26.9
2024-09-08,Kitui,0.0,20.1
2024-09-08,Makueni,6.2,25.4
2024-09-08,Nairobi,0.0,26.0
2024-09-08,Nakuru,15.4,22.8
2024-09-08,Uasin Gishu,10.3,24.5
2024-09-09,Machakos,3.7,21.1
2024-09-09,Kitui,6.3,23.9
2024-09-09,Makueni,20.3,22.0
2024-09-09,Nairobi,5.8,23.0
2024-09-09,Nakuru,12.2,25.9
2024-09-09,Uasin Gishu,6.5,22.9
2024-09-10,Machakos,9.9,28.7
2024-09-10,Kitui,9.5,21.6
2024-09-10,Makueni,4.0,27.5
2024-09-10,Nairobi,0.3,25.2
2024-09-10,Nakuru,5.4,20.1
2024-09-10,Uasin Gishu,16.8,22.9
2024-09-11,Machakos,5.8,24.0
2024-09-11,Kitui,0.0,22.1
2024-09-11,Makueni,0.0,27.1
2024-09-11,Nairobi,0.0,24.9
2024-09-11,Nakuru,0.3,28.3
2024-09-11,Uasin Gishu,0.0,21.1
2024-09-12,Machakos,0.0,21.1
2024-09-12,Kitui,2.4,21.0
2024-09-12,Makueni,0.0,24.2
2024-09-12,Nairobi,0.0,27.7
2024-09-12,Nakuru,9.1,23.9
2024-09-12,Uasin Gishu,,25.9
2024-09-13,Machakos,10.9,18.9
2024-09-13,Kitui,4.3,24.7
2024-09-13,Makueni,5.5,24.8
2024-09-13,Nairobi,0.0,20.7
2024-09-13,Nakuru,0.0,21.5
2024-09-13,Uasin Gishu,0.6,24.0
2024-09-14,Machakos,0.0,26.5
2024-09-14,Kitui,0.6,23.5
2024-09-14,Makueni,10.4,22.9
2024-09-14,Nairobi,4.3,22.9
2024-09-14,Nakuru,20.9,22.9
2024-09-14,Uasin Gishu,9.5,24.7
2024-09-15,Machakos,3.5,22.8
2024-09-15,Kitui,6.3,20.8
2024-09-15,Makueni,0.0,24.5
2024-09-15,Nairobi,0.8,19.7
2024-09-15,Nakuru,0.0,27.7
2024-09-15,Uasin Gishu,,19.5
2024-09-16,Machakos,2.1,20.7
2024-09-16,Kitui,1.1,25.0
2024-09-16,Makueni,0.0,26.6
2024-09-16,Nairobi,0.0,23.7
2024-09-16,Nakuru,,24.7
2024-09-16,Uasin Gishu,0.0,21.7
2024-09-17,Machakos,0.0,28.5
2024-09-17,Kitui,0.0,25.2
2024-09-17,Makueni,0.1,22.4
2024-09-17,Nairobi,13.2,14.1
2024-09-17,Nakuru,16.3,26.8
2024-09-17,Uasin Gishu,0.0,19.3
2024-09-18,Machakos,5.0,27.4
2024-09-18,Kitui,17.4,25.7
2024-09-18,Makueni,0.0,21.6
2024-09-18,Nairobi,0.0,20.8
2024-09-18,Nakuru,,26.6
2024-09-18,Uasin Gishu,2.6,25.1
2024-09-19,Machakos,7.4,29.0
2024-09-19,Kitui,8.8,24.5
2024-09-19,Makueni,0.0,26.7
2024-09-19,Nairobi,0.0,26.6
2024-09-19,Nakuru,9.3,21.7
2024-09-19,Uasin Gishu,6.4,27.2
2024-09-20,Machakos,0.0,24.6
2024-09-20,Kitui,0.0,22.9
2024-09-20,Makueni,4.0,22.9
2024-09-20,Nairobi,0.0,27.8
2024-09-20,Nakuru,10.9,27.0
2024-09-20,Uasin Gishu,0.0,26.4
2024-09-21,Machakos,,18.6
2024-09-21,Kitui,0.0,20.2
2024-09-21,Makueni,12.4,24.0
2024-09-21,Nairobi,0.3,27.7
2024-09-21,Nakuru,0.0,27.2
2024-09-21,Uasin Gishu,0.0,19.4
2024-09-22,Machakos,11.2,24.8
2024-09-22,Kitui,0.0,19.7
2024-09-22,Makueni,0.9,26.8
2024-09-22,Nairobi,,24.5
2024-09-22,Nakuru,5.6,21.9
2024-09-22,Uasin Gishu,0.0,22.1
2024-09-23,Machakos,2.5,23.9
2024-09-23,Kitui,11.5,25.3
2024-09-23,Makueni,0.6,26.0
2024-09-23,Nairobi,2.2,22.6
2024-09-23,Nakuru,9.6,22.3
2024-09-23,Uasin Gishu,0.0,29.2
2024-09-24,Machakos,0.0,29.4
2024-09-24,Kitui,14.4,23.4
2024-09-24,Makueni,9.8,26.5
2024-09-24,Nairobi,11.5,23.2
2024-09-24,Nakuru,7.5,25.1
2024-09-24,Uasin Gishu,12.3,23.1
2024-09-25,Machakos,1.2,26.6
2024-09-25,Kitui,2.9,18.2
2024-09-25,Makueni,3.2,24.4
2024-09-25,Nairobi,25.2,28.3
2024-09-25,Nakuru,0.0,25.6
2024-09-25,Uasin Gishu,2.7,24.1
2024-09-26,Machakos,7.2,21.9
2024-09-26,Kitui,1.8,27.1
2024-09-26,Makueni,0.0,28.4
2024-09-26,Nairobi,13.9,23.2
2024-09-26,Nakuru,1.5,25.1
2024-09-26,Uasin Gishu,13.4,22.7
2024-09-27,Machakos,7.8,26.0
2024-09-27,Kitui,1.1,25.5
2024-09-27,Makueni,0.0,22.6
2024-09-27,Nairobi,0.0,21.7
2024-09-27,Nakuru,15.0,23.3
2024-09-27,Uasin Gishu,5.7,26.1
2024-09-28,Machakos,0.0,29.8
2024-09-28,Kitui,0.0,26.0
2024-09-28,Makueni,9.2,25.4
2024-09-28,Nairobi,,29.5
2024-09-28,Nakuru,3.6,21.4
2024-09-28,Uasin Gishu,5.4,30.3
2024-09-29,Machakos,0.8,21.8
2024-09-29,Kitui,0.0,21.8
2024-09-29,Makueni,0.0,28.2
2024-09-29,Nairobi,0.9,27.3
2024-09-29,Nakuru,18.2,22.8
2024-09-29,Uasin Gishu,11.0,20.9
2024-09-30,Machakos,0.0,21.0
2024-09-30,Kitui,0.0,24.2
2024-09-30,Makueni,3.8,17.2
2024-09-30,Nairobi,0.0,22.7
2024-09-30,Nakuru,0.0,20.6
2024-09-30,Uasin Gishu,0.8,20.8
2024-10-01,Machakos,0.0,24.5
2024-10-01,Kitui,3.1,26.4
2024-10-01,Makueni,6.7,24.4
2024-10-01,Nairobi,3.3,24.7
2024-10-01,Nakuru,9.0,26.1
2024-10-01,Uasin Gishu,3.9,25.0
2024-10-02,Machakos,10.8,18.2
2024-10-02,Kitui,9.2,24.6
2024-10-02,Makueni,6.2,19.3
2024-10-02,Nairobi,14.8,24.2
2024-10-02,Nakuru,0.0,26.0
2024-10-02,Uasin Gishu,,23.7
2024-10-03,Machakos,0.0,23.1
2024-10-03,Kitui,0.0,23.6
2024-10-03,Makueni,,27.4
2024-10-03,Nairobi,7.1,27.9
2024-10-03,Nakuru,5.5,25.3
2024-10-03,Uasin Gishu,0.0,25.9
2024-10-04,Machakos,14.9,29.9
2024-10-04,Kitui,7.1,27.8
2024-10-04,Makueni,0.0,23.7
2024-10-04,Nairobi,0.0,22.8
2024-10-04,Nakuru,8.7,29.8
2024-10-04,Uasin Gishu,0.0,21.1
2024-10-05,Machakos,0.0,22.0
2024-10-05,Kitui,11.7,23.5
2024-10-05,Makueni,11.3,23.2
2024-10-05,Nairobi,0.0,18.9
2024-10-05,Nakuru,0.0,24.5
2024-10-05,Uasin Gishu,0.0,25.4
2024-10-06,Machakos,1.3,24.5
2024-10-06,Kitui,1.7,25.2
2024-10-06,Makueni,0.0,22.6
2024-10-06,Nairobi,3.8,23.0
2024-10-06,Nakuru,,21.2
2024-10-06,Uasin Gishu,0.0,20.0
2024-10-07,Machakos,0.0,25.8
2024-10-07,Kitui,0.0,28.4
2024-10-07,Makueni,0.0,21.2
2024-10-07,Nairobi,6.7,24.3
2024-10-07,Nakuru,,21.9
2024-10-07,Uasin Gishu,3.7,22.5
2024-10-08,Machakos,10.2,25.4
2024-10-08,Kitui,4.9,22.8
2024-10-08,Makueni,0.8,23.4
2024-10-08,Nairobi,0.0,23.2
2024-10-08,Nakuru,8.0,23.4
2024-10-08,Uasin Gishu,0.0,18.1
2024-10-09,Machakos,0.0,27.7
2024-10-09,Kitui,0.0,23.4
2024-10-09,Makueni,0.0,24.6
2024-10-09,Nairobi,0.0,22.3
2024-10-09,Nakuru,10.1,19.6
2024-10-09,Uasin Gishu,6.5,17.7
2024-10-10,Machakos,0.0,27.8
2024-10-10,Kitui,19.4,21.1
2024-10-10,Makueni,0.4,22.0
2024-10-10,Nairobi,8.7,34.0
2024-10-10,Nakuru,2.4,23.3
2024-10-10,Uasin Gishu,0.0,19.8
2024-10-11,Machakos,2.2,24.3
2024-10-11,Kitui,6.5,27.2
2024-10-11,Makueni,4.4,19.8
2024-10-11,Nairobi,4.1,21.6
2024-10-11,Nakuru,3.3,28.0
2024-10-11,Uasin Gishu,0.2,20.9
2024-10-12,Machakos,4.9,21.0
2024-10-12,Kitui,26.2,22.0
2024-10-12,Makueni,0.0,26.4
2024-10-12,Nairobi,0.0,25.4
2024-10-12,Nakuru,13.6,20.9
2024-10-12,Uasin Gishu,15.8,27.3
2024-10-13,Machakos,12.0,22.5
2024-10-13,Kitui,7.5,23.4
2024-10-13,Makueni,15.8,19.5
2024-10-13,Nairobi,0.0,27.7
2024-10-13,Nakuru,0.0,26.4
2024-10-13,Uasin Gishu,0.0,24.4
2024-10-14,Machakos,6.7,26.2
2024-10-14,Kitui,16.3,21.5
2024-10-14,Makueni,0.0,25.1
2024-10-14,Nairobi,21.0,25.5
2024-10-14,Nakuru,14.5,26.0
2024-10-14,Uasin Gishu,0.8,24.1
2024-10-15,Machakos,13.9,16.6
2024-10-15,Kitui,9.2,27.5
2024-10-15,Makueni,2.8,20.1
2024-10-15,Nairobi,9.0,24.9
2024-10-15,Nakuru,7.6,19.9
2024-10-15,Uasin Gishu,4.4,24.0
2024-10-16,Machakos,0.0,23.4
2024-10-16,Kitui,0.0,24.1
2024-10-16,Makueni,1.5,21.9
2024-10-16,Nairobi,14.9,22.2
2024-10-16,Nakuru,3.7,24.2
2024-10-16,Uasin Gishu,1.3,27.4
2024-10-17,Machakos,0.0,27.0
2024-10-17,Kitui,0.1,25.3
2024-10-17,Makueni,12.2,21.1
2024-10-17,Nairobi,0.3,25.3
2024-10-17,Nakuru,0.0,23.6
2024-10-17,Uasin Gishu,1.2,23.5
2024-10-18,Machakos,10.4,17.9
2024-10-18,Kitui,1.8,21.6
2024-10-18,Makueni,2.5,24.6
2024-10-18,Nairobi,0.0,21.8
2024-10-18,Nakuru,0.0,22.7
2024-10-18,Uasin Gishu,0.0,25.6
2024-10-19,Machakos,24.3,25.0
2024-10-19,Kitui,,29.8
2024-10-19,Makueni,9.9,22.6
2024-10-19,Nairobi,1.0,27.7
2024-10-19,Nakuru,0.0,16.2
2024-10-19,Uasin Gishu,0.0,21.5
2024-10-20,Machakos,0.0,28.2
2024-10-20,Kitui,22.9,24.7
2024-10-20,Makueni,4.0,22.2
2024-10-20,Nairobi,3.1,22.7
2024-10-20,Nakuru,0.0,16.8
2024-10-20,Uasin Gishu,15.6,14.0
2024-10-21,Machakos,0.0,26.4
2024-10-21,Kitui,,27.2
2024-10-21,Makueni,3.0,18.8
2024-10-21,Nairobi,20.3,24.4
2024-10-21,Nakuru,16.9,23.2
2024-10-21,Uasin Gishu,9.8,28.2
2024-10-22,Machakos,12.2,21.9
2024-10-22,Kitui,10.0,28.5
2024-10-22,Makueni,0.0,17.9
2024-10-22,Nairobi,7.4,23.2
2024-10-22,Nakuru,0.0,25.1
2024-10-22,Uasin Gishu,0.0,16.9
2024-10-23,Machakos,,20.9
2024-10-23,Kitui,0.0,20.4
2024-10-23,Makueni,3.7,20.0
2024-10-23,Nairobi,13.0,25.1
2024-10-23,Nakuru,14.5,23.8
2024-10-23,Uasin Gishu,0.0,29.1
2024-10-24,Machakos,0.0,25.2
2024-10-24,Kitui,0.0,19.6
2024-10-24,Makueni,14.2,24.6
2024-10-24,Nairobi,0.0,28.5
2024-10-24,Nakuru,10.8,26.2
2024-10-24,Uasin Gishu,12.5,23.2
2024-10-25,Machakos,10.1,29.0
2024-10-25,Kitui,8.2,18.2
2024-10-25,Makueni,12.3,26.4
2024-10-25,Nairobi,,20.8
2024-10-25,Nakuru,17.5,19.3
2024-10-25,Uasin Gishu,0.8,28.1
2024-10-26,Machakos,0.0,22.6
2024-10-26,Kitui,4.0,21.9
2024-10-26,Makueni,7.8,15.7
2024-10-26,Nairobi,0.0,21.0
2024-10-26,Nakuru,2.6,24.2
2024-10-26,Uasin Gishu,7.8,19.6
2024-10-27,Machakos,,23.9
2024-10-27,Kitui,2.6,23.1
2024-10-27,Makueni,8.8,20.6
2024-10-27,Nairobi,6.9,13.8
2024-10-27,Nakuru,,23.2
2024-10-27,Uasin Gishu,2.0,25.6
2024-10-28,Machakos,15.3,24.4
2024-10-28,Kitui,0.5,23.8
2024-10-28,Makueni,17.3,26.7
2024-10-28,Nairobi,28.0,23.3
2024-10-28,Nakuru,9.3,20.2
2024-10-28,Uasin Gishu,2.0,17.3
2024-10-29,Machakos,9.3,22.2
2024-10-29,Kitui,11.9,18.9
2024-10-29,Makueni,2.9,20.6
2024-10-29,Nairobi,0.4,23.2
2024-10-29,Nakuru,0.0,25.5
2024-10-29,Uasin Gishu,0.0,21.4
2024-10-30,Machakos,12.4,25.4
2024-10-30,Kitui,6.2,18.5
2024-10-30,Makueni,15.5,24.9
2024-10-30,Nairobi,6.1,27.7
2024-10-30,Nakuru,0.0,20.6
2024-10-30,Uasin Gishu,0.0,23.5
2024-10-31,Machakos,3.8,28.8
2024-10-31,Kitui,21.1,26.9
2024-10-31,Makueni,10.5,27.8
2024-10-31,Nairobi,0.0,25.6
2024-10-31,Nakuru,9.1,18.8
2024-10-31,Uasin Gishu,7.1,25.8
2024-11-01,Machakos,13.4,23.9
2024-11-01,Kitui,0.9,28.9
2024-11-01,Makueni,3.5,21.2
2024-11-01,Nairobi,0.0,18.9
2024-11-01,Nakuru,3.7,27.0
2024-11-01,Uasin Gishu,2.7,29.5
2024-11-02,Machakos,4.3,19.9
2024-11-02,Kitui,10.9,23.7
2024-11-02,Makueni,2.6,22.4
2024-11-02,Nairobi,9.1,16.2
2024-11-02,Nakuru,1.8,24.1
2024-11-02,Uasin Gishu,9.4,21.7
2024-11-03,Machakos,0.0,26.6
2024-11-03,Kitui,,15.8
2024-11-03,Makueni,14.4,26.3
2024-11-03,Nairobi,2.1,19.9
2024-11-03,Nakuru,12.3,23.5
2024-11-03,Uasin Gishu,16.9,22.9
2024-11-04,Machakos,0.0,25.9
2024-11-04,Kitui,1.9,22.5
2024-11-04,Makueni,0.0,24.6
2024-11-04,Nairobi,0.8,23.8
2024-11-04,Nakuru,0.0,23.6
2024-11-04,Uasin Gishu,2.1,21.2
2024-11-05,Machakos,0.0,21.6
2024-11-05,Kitui,0.4,22.7
2024-11-05,Makueni,5.7,20.2
2024-11-05,Nairobi,8.6,19.5
2024-11-05,Nakuru,15.9,18.2
2024-11-05,Uasin Gishu,7.8,17.7
2024-11-06,Machakos,3.2,22.0
2024-11-06,Kitui,5.5,19.3
2024-11-06,Makueni,17.4,18.1
2024-11-06,Nairobi,9.7,26.2
2024-11-06,Nakuru,7.6,26.6
2024-11-06,Uasin Gishu,4.6,21.5
2024-11-07,Machakos,3.6,21.8
2024-11-07,Kitui,0.0,20.8
2024-11-07,Makueni,12.7,23.2
2024-11-07,Nairobi,0.5,24.3
2024-11-07,Nakuru,,20.5
2024-11-07,Uasin Gishu,0.0,21.4
2024-11-08,Machakos,16.8,24.6
2024-11-08,Kitui,0.0,30.0
2024-11-08,Makueni,3.9,18.8
2024-11-08,Nairobi,8.4,27.6
2024-11-08,Nakuru,0.0,17.4
2024-11-08,Uasin Gishu,3.0,27.9
2024-11-09,Machakos,6.7,24.4
2024-11-09,Kitui,0.0,23.6
2024-11-09,Makueni,3.8,24.2
2024-11-09,Nairobi,0.0,23.7
2024-11-09,Nakuru,,28.4
2024-11-09,Uasin Gishu,6.6,14.8
2024-11-10,Machakos,6.6,23.6
2024-11-10,Kitui,0.0,20.9
2024-11-10,Makueni,12.8,22.1
2024-11-10,Nairobi,5.1,19.0
2024-11-10,Nakuru,0.0,26.3
2024-11-10,Uasin Gishu,0.0,22.5
2024-11-11,Machakos,0.0,24.7
2024-11-11,Kitui,4.1,26.3
2024-11-11,Makueni,3.8,21.3
2024-11-11,Nairobi,0.0,18.9
2024-11-11,Nakuru,11.7,22.0
2024-11-11,Uasin Gishu,7.1,19.7
2024-11-12,Machakos,0.0,23.2
2024-11-12,Kitui,12.9,17.5
2024-11-12,Makueni,0.0,31.8
2024-11-12,Nairobi,0.6,22.2
2024-11-12,Nakuru,10.0,21.4
2024-11-12,Uasin Gishu,3.7,21.8
2024-11-13,Machakos,9.1,27.6
2024-11-13,Kitui,0.0,25.2
2024-11-13,Makueni,14.6,27.2
2024-11-13,Nairobi,0.0,31.3
2024-11-13,Nakuru,0.0,21.7
2024-11-13,Uasin Gishu,2.5,23.2
2024-11-14,Machakos,,18.3
2024-11-14,Kitui,13.6,22.7
2024-11-14,Makueni,0.0,19.4
2024-11-14,Nairobi,14.3,23.2
2024-11-14,Nakuru,10.0,26.3
2024-11-14,Uasin Gishu,12.0,26.8
2024-11-15,Machakos,0.0,20.0
2024-11-15,Kitui,13.1,23.0
2024-11-15,Makueni,5.4,18.5
2024-11-15,Nairobi,2.5,21.6
2024-11-15,Nakuru,5.3,20.8
2024-11-15,Uasin Gishu,,25.1
2024-11-16,Machakos,9.6,21.0
2024-11-16,Kitui,9.1,26.1
2024-11-16,Makueni,1.6,24.6
2024-11-16,Nairobi,0.0,25.0
2024-11-16,Nakuru,0.0,23.4
2024-11-16,Uasin Gishu,16.9,25.8
2024-11-17,Machakos,1.7,18.0
2024-11-17,Kitui,0.0,28.5
2024-11-17,Makueni,0.6,27.1
2024-11-17,Nairobi,8.2,19.3
2024-11-17,Nakuru,,30.6
2024-11-17,Uasin Gishu,2.1,27.8
2024-11-18,Machakos,0.0,23.0
2024-11-18,Kitui,9.1,23.0
2024-11-18,Makueni,,27.1
2024-11-18,Nairobi,7.2,19.8
2024-11-18,Nakuru,0.0,23.4
2024-11-18,Uasin Gishu,7.4,25.9
2024-11-19,Machakos,5.2,23.0
2024-11-19,Kitui,4.9,25.0
2024-11-19,Makueni,1.7,18.2
2024-11-19,Nairobi,5.8,22.5
2024-11-19,Nakuru,0.0,20.2
2024-11-19,Uasin Gishu,19.2,24.5
2024-11-20,Machakos,5.2,22.8
2024-11-20,Kitui,3.2,23.7
2024-11-20,Makueni,0.0,19.8
2024-11-20,Nairobi,6.4,28.6
2024-11-20,Nakuru,12.3,20.0
2024-11-20,Uasin Gishu,1.0,20.0
2024-11-21,Machakos,0.0,19.9
2024-11-21,Kitui,9.1,20.5
2024-11-21,Makueni,19.6,27.3
2024-11-21,Nairobi,0.2,25.8
2024-11-21,Nakuru,4.0,24.5
2024-11-21,Uasin Gishu,0.0,23.2
2024-11-22,Machakos,3.9,19.6
2024-11-22,Kitui,0.0,21.8
2024-11-22,Makueni,0.0,17.7
2024-11-22,Nairobi,0.0,24.7
2024-11-22,Nakuru,0.0,23.5
2024-11-22,Uasin Gishu,7.6,29.7
2024-11-23,Machakos,0.0,27.1
2024-11-23,Kitui,7.1,26.9
2024-11-23,Makueni,14.4,25.9
2024-11-23,Nairobi,0.0,24.1
2024-11-23,Nakuru,5.1,22.4
2024-11-23,Uasin Gishu,0.0,25.0
2024-11-24,Machakos,11.2,26.6
2024-11-24,Kitui,13.9,20.0
2024-11-24,Makueni,5.3,19.2
2024-11-24,Nairobi,13.3,22.1
2024-11-24,Nakuru,0.0,28.0
2024-11-24,Uasin Gishu,11.0,24.9
2024-11-25,Machakos,0.2,16.0
2024-11-25,Kitui,11.2,21.2
2024-11-25,Makueni,1.3,29.1
2024-11-25,Nairobi,2.2,21.7
2024-11-25,Nakuru,4.5,27.3
2024-11-25,Uasin Gishu,8.7,26.4
2024-11-26,Machakos,0.0,23.6
2024-11-26,Kitui,7.1,22.6
2024-11-26,Makueni,7.3,30.2
2024-11-26,Nairobi,0.0,21.2
2024-11-26,Nakuru,,26.2
2024-11-26,Uasin Gishu,10.3,19.4
2024-11-27,Machakos,,25.8
2024-11-27,Kitui,0.0,23.2
2024-11-27,Makueni,2.0,21.8
2024-11-27,Nairobi,0.0,24.0
2024-11-27,Nakuru,0.0,20.8
2024-11-27,Uasin Gishu,0.0,24.0
2024-11-28,Machakos,11.9,23.1
2024-11-28,Kitui,1.8,24.4
2024-11-28,Makueni,0.0,31.2
2024-11-28,Nairobi,8.7,26.0
2024-11-28,Nakuru,0.0,22.1
2024-11-28,Uasin Gishu,0.8,21.5
2024-11-29,Machakos,0.0,22.7
2024-11-29,Kitui,,27.1
2024-11-29,Makueni,16.3,21.0
2024-11-29,Nairobi,6.1,21.0
2024-11-29,Nakuru,8.7,23.8
2024-11-29,Uasin Gishu,7.0,20.8
2024-11-30,Machakos,0.0,27.1
2024-11-30,Kitui,12.8,28.7
2024-11-30,Makueni,7.0,26.3
2024-11-30,Nairobi,0.7,29.3
2024-11-30,Nakuru,6.8,17.4
2024-11-30,Uasin Gishu,0.0,25.5
2024-12-01,Machakos,10.1,26.7
2024-12-01,Kitui,0.0,19.7
2024-12-01,Makueni,0.0,20.7
2024-12-01,Nairobi,,28.9
2024-12-01,Nakuru,1.5,28.7
2024-12-01,Uasin Gishu,1.1,25.3
2024-12-02,Machakos,0.0,25.1
2024-12-02,Kitui,0.0,26.0
2024-12-02,Makueni,0.0,18.9
2024-12-02,Nairobi,0.0,19.2
2024-12-02,Nakuru,3.3,20.3
2024-12-02,Uasin Gishu,10.9,25.3
2024-12-03,Machakos,4.2,22.3
2024-12-03,Kitui,15.8,26.6
2024-12-03,Makueni,0.0,26.5
2024-12-03,Nairobi,1.5,25.4
2024-12-03,Nakuru,9.8,26.0
2024-12-03,Uasin Gishu,5.9,22.9
2024-12-04,Machakos,6.1,29.8
2024-12-04,Kitui,4.9,17.7
2024-12-04,Makueni,10.4,28.2
2024-12-04,Nairobi,0.0,22.3
2024-12-04,Nakuru,0.0,18.4
2024-12-04,Uasin Gishu,,27.4
2024-12-05,Machakos,21.1,21.3
2024-12-05,Kitui,13.8,21.3
2024-12-05,Makueni,2.2,23.4
2024-12-05,Nairobi,0.0,19.3
2024-12-05,Nakuru,0.0,23.9
2024-12-05,Uasin Gishu,0.0,26.3
2024-12-06,Machakos,0.0,17.4
2024-12-06,Kitui,0.0,24.3
2024-12-06,Makueni,8.3,25.5
2024-12-06,Nairobi,13.3,27.6
2024-12-06,Nakuru,2.1,26.0
2024-12-06,Uasin Gishu,1.8,19.6
2024-12-07,Machakos,10.4,24.9
2024-12-07,Kitui,0.0,22.7
2024-12-07,Makueni,1.3,26.5
2024-12-07,Nairobi,20.7,21.0
2024-12-07,Nakuru,1.5,25.6
2024-12-07,Uasin Gishu,5.4,24.4
2024-12-08,Machakos,0.0,28.7
2024-12-08,Kitui,0.0,21.0
2024-12-08,Makueni,0.0,19.0
2024-12-08,Nairobi,2.0,22.1
2024-12-08,Nakuru,0.0,23.4
2024-12-08,Uasin Gishu,0.0,18.6
2024-12-09,Machakos,21.0,22.2
2024-12-09,Kitui,1.2,28.4
2024-12-09,Makueni,9.6,27.2
2024-12-09,Nairobi,11.4,24.6
2024-12-09,Nakuru,14.5,20.5
2024-12-09,Uasin Gishu,0.0,22.7
2024-12-10,Machakos,2.4,22.1
2024-12-10,Kitui,0.0,24.4
2024-12-10,Makueni,14.3,25.8
2024-12-10,Nairobi,3.4,25.7
2024-12-10,Nakuru,4.5,22.1
2024-12-10,Uasin Gishu,2.5,26.4
2024-12-11,Machakos,9.5,19.4
2024-12-11,Kitui,1.7,21.1
2024-12-11,Makueni,0.0,22.1
2024-12-11,Nairobi,3.2,18.6
2024-12-11,Nakuru,7.9,19.4
2024-12-11,Uasin Gishu,,19.8
2024-12-12,Machakos,0.0,29.7
2024-12-12,Kitui,3.5,21.8
2024-12-12,Makueni,8.0,21.2
2024-12-12,Nairobi,0.0,27.8
2024-12-12,Nakuru,12.9,23.5
2024-12-12,Uasin Gishu,0.0,18.6
2024-12-13,Machakos,1.8,21.9
2024-12-13,Kitui,0.0,21.2
2024-12-13,Makueni,0.6,22.1
2024-12-13,Nairobi,1.7,24.0
2024-12-13,Nakuru,0.0,21.6
2024-12-13,Uasin Gishu,7.7,25.4
2024-12-14,Machakos,1.4,23.4
2024-12-14,Kitui,3.6,23.5
2024-12-14,Makueni,0.3,23.1
2024-12-14,Nairobi,0.2,23.2
2024-12-14,Nakuru,0.0,21.2
2024-12-14,Uasin Gishu,0.0,22.0
2024-12-15,Machakos,0.1,21.5
2024-12-15,Kitui,9.6,19.9
2024-12-15,Makueni,0.8,21.0
2024-12-15,Nairobi,6.3,22.2
2024-12-15,Nakuru,26.9,19.6
2024-12-15,Uasin Gishu,14.9,24.4
2024-12-16,Machakos,10.4,19.6
2024-12-16,Kitui,0.0,33.0
2024-12-16,Makueni,8.4,24.6
2024-12-16,Nairobi,,23.6
2024-12-16,Nakuru,9.5,23.2
2024-12-16,Uasin Gishu,12.7,22.3
2024-12-17,Machakos,0.7,24.7
2024-12-17,Kitui,21.0,24.2
2024-12-17,Makueni,16.9,24.9
2024-12-17,Nairobi,2.7,28.9
2024-12-17,Nakuru,8.0,23.0
2024-12-17,Uasin Gishu,0.0,16.0
2024-12-18,Machakos,,24.9
2024-12-18,Kitui,5.3,18.9
2024-12-18,Makueni,3.4,25.1
2024-12-18,Nairobi,2.3,20.4
2024-12-18,Nakuru,18.7,23.7
2024-12-18,Uasin Gishu,7.9,22.4
2024-12-19,Machakos,6.8,22.5
2024-12-19,Kitui,6.0,28.7
2024-12-19,Makueni,6.3,27.6
2024-12-19,Nairobi,14.4,19.1
2024-12-19,Nakuru,5.3,19.8
2024-12-19,Uasin Gishu,4.8,28.7
2024-12-20,Machakos,8.6,25.0
2024-12-20,Kitui,0.3,23.3
2024-12-20,Makueni,2.4,23.3
2024-12-20,Nairobi,7.5,18.3
2024-12-20,Nakuru,0.0,21.1
2024-12-20,Uasin Gishu,0.0,24.6
2024-12-21,Machakos,5.5,27.3
2024-12-21,Kitui,7.3,24.0
2024-12-21,Makueni,16.7,26.2
2024-12-21,Nairobi,0.0,23.1
2024-12-21,Nakuru,6.7,26.6
2024-12-21,Uasin Gishu,,22.4
2024-12-22,Machakos,3.7,22.4
2024-12-22,Kitui,0.0,19.1
2024-12-22,Makueni,0.0,19.4
2024-12-22,Nairobi,0.0,25.1
2024-12-22,Nakuru,11.0,23.9
2024-12-22,Uasin Gishu,0.0,22.6
2024-12-23,Machakos,10.5,28.6
2024-12-23,Kitui,0.4,23.1
2024-12-23,Makueni,0.0,25.1
2024-12-23,Nairobi,4.8,19.1
2024-12-23,Nakuru,1.8,23.4
2024-12-23,Uasin Gishu,7.8,25.7
2024-12-24,Machakos,11.5,29.8
2024-12-24,Kitui,17.5,18.8
2024-12-24,Makueni,19.8,23.3
2024-12-24,Nairobi,2.7,30.8
2024-12-24,Nakuru,11.0,19.3
2024-12-24,Uasin Gishu,0.0,24.5
2024-12-25,Machakos,3.4,22.1
2024-12-25,Kitui,4.7,18.9
2024-12-25,Makueni,21.0,24.0
2024-12-25,Nairobi,2.3,17.9
2024-12-25,Nakuru,0.3,19.8
2024-12-25,Uasin Gishu,12.5,27.2
2024-12-26,Machakos,14.4,29.3
2024-12-26,Kitui,6.1,27.7
2024-12-26,Makueni,8.7,21.2
2024-12-26,Nairobi,9.3,23.0
2024-12-26,Nakuru,6.1,24.1
2024-12-26,Uasin Gishu,3.0,14.6
2024-12-27,Machakos,2.8,20.6
2024-12-27,Kitui,6.3,22.3
2024-12-27,Makueni,11.1,21.5
2024-12-27,Nairobi,3.7,20.4
2024-12-27,Nakuru,11.3,20.4
2024-12-27,Uasin Gishu,4.6,28.9
2024-12-28,Machakos,0.8,18.4
2024-12-28,Kitui,10.2,16.3
2024-12-28,Makueni,16.4,27.4
2024-12-28,Nairobi,,27.0
2024-12-28,Nakuru,0.0,22.9
2024-12-28,Uasin Gishu,0.4,24.2
2024-12-29,Machakos,,22.0
2024-12-29,Kitui,17.2,24.0
2024-12-29,Makueni,9.3,29.1
2024-12-29,Nairobi,9.7,28.1
2024-12-29,Nakuru,0.0,27.4
2024-12-29,Uasin Gishu,7.9,24.0
2024-12-30,Machakos,0.0,19.0
2024-12-30,Kitui,10.8,23.0
2024-12-30,Makueni,14.5,22.3
2024-12-30,Nairobi,,23.8
2024-12-30,Nakuru,7.7,21.9
2024-12-30,Uasin Gishu,0.0,19.8
2024-12-31,Machakos,3.5,26.4
2024-12-31,Kitui,18.0,19.8
2024-12-31,Makueni,13.1,18.9
2024-12-31,Nairobi,0.0,22.0
2024-12-31,Nakuru,18.0,19.7
2024-12-31,Uasin Gishu,3.6,19.0
2025-01-01,Machakos,0.0,26.1
2025-01-01,Kitui,2.0,24.4
2025-01-01,Makueni,14.1,25.9
2025-01-01,Nairobi,5.4,23.7
2025-01-01,Nakuru,8.3,16.9
2025-01-01,Uasin Gishu,10.1,26.2
2025-01-02,Machakos,0.0,24.6
2025-01-02,Kitui,,20.2
2025-01-02,Makueni,4.9,23.6
2025-01-02,Nairobi,8.2,23.9
2025-01-02,Nakuru,0.0,22.2
2025-01-02,Uasin Gishu,11.6,22.4
2025-01-03,Machakos,,26.7
2025-01-03,Kitui,0.0,26.0
2025-01-03,Makueni,4.5,21.5
2025-01-03,Nairobi,0.0,17.8
2025-01-03,Nakuru,0.0,22.2
2025-01-03,Uasin Gishu,8.7,23.6
2025-01-04,Machakos,8.7,31.3
2025-01-04,Kitui,1.3,24.6
2025-01-04,Makueni,,19.7
2025-01-04,Nairobi,,27.7
2025-01-04,Nakuru,11.0,18.6
2025-01-04,Uasin Gishu,0.0,15.2
2025-01-05,Machakos,4.3,25.4
2025-01-05,Kitui,0.0,16.4
2025-01-05,Makueni,1.5,24.7
2025-01-05,Nairobi,11.0,23.5
2025-01-05,Nakuru,14.0,26.6
2025-01-05,Uasin Gishu,0.0,27.7
2025-01-06,Machakos,15.3,25.8
2025-01-06,Kitui,0.0,26.2
2025-01-06,Makueni,5.0,29.3
2025-01-06,Nairobi,8.7,18.6
2025-01-06,Nakuru,0.0,25.9
2025-01-06,Uasin Gishu,0.0,26.0
2025-01-07,Machakos,13.7,26.9
2025-01-07,Kitui,0.0,28.6
2025-01-07,Makueni,0.0,22.0
2025-01-07,Nairobi,5.6,24.3
2025-01-07,Nakuru,12.4,22.6
2025-01-07,Uasin Gishu,12.7,26.0
2025-01-08,Machakos,1.2,23.8
2025-01-08,Kitui,7.7,20.7
2025-01-08,Makueni,3.2,21.1
2025-01-08,Nairobi,0.0,26.0
2025-01-08,Nakuru,0.0,25.2
2025-01-08,Uasin Gishu,0.0,25.0
2025-01-09,Machakos,0.0,17.7
2025-01-09,Kitui,13.4,21.8
2025-01-09,Makueni,,17.2
2025-01-09,Nairobi,0.0,23.5
2025-01-09,Nakuru,7.7,22.4
2025-01-09,Uasin Gishu,0.0,23.0
2025-01-10,Machakos,0.0,22.3
2025-01-10,Kitui,0.0,27.0
2025-01-10,Makueni,0.0,18.7
2025-01-10,Nairobi,0.1,17.9
2025-01-10,Nakuru,12.1,30.0
2025-01-10,Uasin Gishu,0.0,23.9
2025-01-11,Machakos,12.0,24.1
2025-01-11,Kitui,6.5,25.1
2025-01-11,Makueni,0.0,30.4
2025-01-11,Nairobi,17.8,29.5
2025-01-11,Nakuru,0.0,18.9
2025-01-11,Uasin Gishu,11.8,29.1
2025-01-12,Machakos,0.0,28.2
2025-01-12,Kitui,0.0,23.4
2025-01-12,Makueni,0.0,30.1
2025-01-12,Nairobi,8.5,20.6
2025-01-12,Nakuru,3.3,20.1
2025-01-12,Uasin Gishu,0.6,23.0
2025-01-13,Machakos,6.8,27.8
2025-01-13,Kitui,4.6,23.7
2025-01-13,Makueni,16.9,23.7
2025-01-13,Nairobi,10.7,20.3
2025-01-13,Nakuru,0.0,22.0
2025-01-13,Uasin Gishu,5.8,25.7
2025-01-14,Machakos,,25.0
2025-01-14,Kitui,6.7,29.4
2025-01-14,Makueni,0.0,27.2
2025-01-14,Nairobi,0.0,21.1
2025-01-14,Nakuru,,19.2
2025-01-14,Uasin Gishu,0.0,20.9
2025-01-15,Machakos,19.0,28.2
2025-01-15,Kitui,14.0,28.5
2025-01-15,Makueni,0.0,30.4
2025-01-15,Nairobi,12.3,23.9
2025-01-15,Nakuru,0.0,18.5
2025-01-15,Uasin Gishu,,24.0
2025-01-16,Machakos,0.0,21.8
2025-01-16,Kitui,13.7,24.5
2025-01-16,Makueni,3.2,26.5
2025-01-16,Nairobi,17.5,23.3
2025-01-16,Nakuru,0.0,22.1
2025-01-16,Uasin Gishu,0.0,23.4
2025-01-17,Machakos,13.9,23.7
2025-01-17,Kitui,11.9,21.9
2025-01-17,Makueni,9.8,22.0
2025-01-17,Nairobi,7.0,23.5
2025-01-17,Nakuru,0.0,22.3
2025-01-17,Uasin Gishu,8.4,23.0
2025-01-18,Machakos,25.9,25.1
2025-01-18,Kitui,,21.6
2025-01-18,Makueni,6.9,19.5
2025-01-18,Nairobi,8.7,26.0
2025-01-18,Nakuru,5.5,26.8
2025-01-18,Uasin Gishu,0.0,19.5
2025-01-19,Machakos,18.6,23.0
2025-01-19,Kitui,3.1,24.1
2025-01-19,Makueni,8.6,22.4
2025-01-19,Nairobi,8.0,25.6
2025-01-19,Nakuru,0.0,29.3
2025-01-19,Uasin Gishu,2.9,21.6
2025-01-20,Machakos,7.6,27.5
2025-01-20,Kitui,12.5,21.6
2025-01-20,Makueni,5.4,28.6
2025-01-20,Nairobi,7.6,22.1
2025-01-20,Nakuru,23.0,23.2
2025-01-20,Uasin Gishu,0.0,20.7
2025-01-21,Machakos,0.0,17.6
2025-01-21,Kitui,0.0,27.8
2025-01-21,Makueni,8.4,31.3
2025-01-21,Nairobi,11.8,25.9
2025-01-21,Nakuru,0.0,23.5
2025-01-21,Uasin Gishu,10.3,24.0
2025-01-22,Machakos,13.6,23.7
2025-01-22,Kitui,4.3,23.9
2025-01-22,Makueni,0.0,24.1
2025-01-22,Nairobi,1.5,24.9
2025-01-22,Nakuru,13.3,29.8
2025-01-22,Uasin Gishu,1.2,26.4
2025-01-23,Machakos,2.2,21.2
2025-01-23,Kitui,3.6,23.9
2025-01-23,Makueni,0.0,24.0
2025-01-23,Nairobi,0.0,24.7
2025-01-23,Nakuru,15.8,24.4
2025-01-23,Uasin Gishu,9.7,16.6
2025-01-24,Machakos,10.9,23.0
2025-01-24,Kitui,10.2,19.8
2025-01-24,Makueni,0.0,10.5
2025-01-24,Nairobi,0.0,27.6
2025-01-24,Nakuru,0.0,23.8
2025-01-24,Uasin Gishu,,25.2
2025-01-25,Machakos,0.0,27.5
2025-01-25,Kitui,1.8,22.8
2025-01-25,Makueni,,23.8
2025-01-25,Nairobi,10.8,25.0
2025-01-25,Nakuru,7.8,23.3
2025-01-25,Uasin Gishu,7.4,22.5
2025-01-26,Machakos,4.8,25.5
2025-01-26,Kitui,5.7,22.9
2025-01-26,Makueni,3.8,23.6
2025-01-26,Nairobi,0.0,23.9
2025-01-26,Nakuru,0.0,23.6
2025-01-26,Uasin Gishu,0.0,22.1
2025-01-27,Machakos,4.1,30.5
2025-01-27,Kitui,,27.3
2025-01-27,Makueni,7.5,26.0
2025-01-27,Nairobi,17.2,26.4
2025-01-27,Nakuru,,24.4
2025-01-27,Uasin Gishu,6.0,28.1
2025-01-28,Machakos,12.1,19.5
2025-01-28,Kitui,13.0,24.0
2025-01-28,Makueni,4.0,22.1
2025-01-28,Nairobi,0.0,21.9
2025-01-28,Nakuru,0.0,27.2
2025-01-28,Uasin Gishu,7.4,25.6
2025-01-29,Machakos,0.0,23.7
2025-01-29,Kitui,12.9,23.0
2025-01-29,Makueni,0.0,23.6
2025-01-29,Nairobi,0.0,25.3
2025-01-29,Nakuru,15.6,24.8
2025-01-29,Uasin Gishu,3.0,20.8
2025-01-30,Machakos,0.0,22.7
2025-01-30,Kitui,3.6,26.7
2025-01-30,Makueni,13.6,25.3
2025-01-30,Nairobi,2.0,21.0
2025-01-30,Nakuru,0.0,27.9
2025-01-30,Uasin Gishu,0.0,21.7
2025-01-31,Machakos,2.1,25.0
2025-01-31,Kitui,4.9,23.5
2025-01-31,Makueni,0.0,24.4
2025-01-31,Nairobi,2.6,20.4
2025-01-31,Nakuru,7.2,21.8
2025-01-31,Uasin Gishu,16.6,21.8
2025-02-01,Machakos,0.0,25.1
2025-02-01,Kitui,13.4,22.9
2025-02-01,Makueni,0.0,25.3
2025-02-01,Nairobi,0.6,22.4
2025-02-01,Nakuru,0.0,24.6
2025-02-01,Uasin Gishu,2.6,24.2
2025-02-02,Machakos,4.0,19.5
2025-02-02,Kitui,2.7,27.9
2025-02-02,Makueni,8.0,26.7
2025-02-02,Nairobi,7.5,18.4
2025-02-02,Nakuru,5.1,17.5
2025-02-02,Uasin Gishu,1.6,24.7
2025-02-03,Machakos,4.8,19.5
2025-02-03,Kitui,9.3,24.4
2025-02-03,Makueni,0.0,24.8
2025-02-03,Nairobi,2.4,20.1
2025-02-03,Nakuru,0.0,31.6
2025-02-03,Uasin Gishu,0.0,18.7
2025-02-04,Machakos,0.0,27.6
2025-02-04,Kitui,11.5,25.3
2025-02-04,Makueni,11.5,26.5
2025-02-04,Nairobi,2.5,17.0
2025-02-04,Nakuru,0.0,24.7
2025-02-04,Uasin Gishu,5.0,20.6
2025-02-05,Machakos,5.6,24.4
2025-02-05,Kitui,0.0,20.3
2025-02-05,Makueni,0.0,26.2
2025-02-05,Nairobi,0.0,19.4
2025-02-05,Nakuru,12.8,17.2
2025-02-05,Uasin Gishu,0.0,27.6
2025-02-06,Machakos,3.0,24.4
2025-02-06,Kitui,24.4,25.7
2025-02-06,Makueni,0.0,29.1
2025-02-06,Nairobi,18.0,19.9
2025-02-06,Nakuru,4.1,23.5
2025-02-06,Uasin Gishu,0.0,25.9
2025-02-07,Machakos,3.1,25.8
2025-02-07,Kitui,,24.5
2025-02-07,Makueni,16.6,30.5
2025-02-07,Nairobi,8.6,24.9
2025-02-07,Nakuru,20.4,26.7
2025-02-07,Uasin Gishu,0.0,24.8
2025-02-08,Machakos,14.6,21.2
2025-02-08,Kitui,20.4,21.5
2025-02-08,Makueni,4.7,26.3
2025-02-08,Nairobi,0.0,26.1
2025-02-08,Nakuru,4.6,23.7
2025-02-08,Uasin Gishu,0.0,25.9
2025-02-09,Machakos,6.6,26.7
2025-02-09,Kitui,4.5,22.9
2025-02-09,Makueni,5.4,24.8
2025-02-09,Nairobi,9.2,27.8
2025-02-09,Nakuru,5.7,25.8
2025-02-09,Uasin Gishu,1.6,22.0
2025-02-10,Machakos,0.0,21.2
2025-02-10,Kitui,7.1,21.9
2025-02-10,Makueni,0.0,24.3
2025-02-10,Nairobi,13.7,22.3
2025-02-10,Nakuru,7.9,19.3
2025-02-10,Uasin Gishu,17.8,25.3
2025-02-11,Machakos,11.2,26.9
2025-02-11,Kitui,17.2,27.4
2025-02-11,Makueni,13.1,26.3
2025-02-11,Nairobi,0.0,22.3
2025-02-11,Nakuru,4.2,23.5
2025-02-11,Uasin Gishu,0.0,27.1
2025-02-12,Machakos,15.7,26.4
2025-02-12,Kitui,20.3,25.9
2025-02-12,Makueni,3.6,23.6
2025-02-12,Nairobi,0.0,25.9
2025-02-12,Nakuru,0.0,28.8
2025-02-12,Uasin Gishu,8.6,25.1
2025-02-13,Machakos,0.0,30.3
2025-02-13,Kitui,0.0,21.4
2025-02-13,Makueni,0.0,21.8
2025-02-13,Nairobi,0.0,16.8
2025-02-13,Nakuru,0.0,22.8
2025-02-13,Uasin Gishu,4.3,23.0
2025-02-14,Machakos,0.0,28.7
2025-02-14,Kitui,3.9,20.5
2025-02-14,Makueni,17.0,22.8
2025-02-14,Nairobi,0.0,24.9
2025-02-14,Nakuru,5.4,21.9
2025-02-14,Uasin Gishu,0.0,27.4
2025-02-15,Machakos,,26.1
2025-02-15,Kitui,4.1,27.9
2025-02-15,Makueni,6.0,24.0
2025-02-15,Nairobi,0.0,26.4
2025-02-15,Nakuru,9.9,19.9
2025-02-15,Uasin Gishu,8.7,23.7
2025-02-16,Machakos,0.0,23.6
2025-02-16,Kitui,0.0,24.7
2025-02-16,Makueni,0.0,25.9
2025-02-16,Nairobi,0.0,25.4
2025-02-16,Nakuru,9.4,28.0
2025-02-16,Uasin Gishu,0.0,24.9
2025-02-17,Machakos,0.0,22.6
2025-02-17,Kitui,0.0,16.4
2025-02-17,Makueni,6.5,24.9
2025-02-17,Nairobi,0.0,22.6
2025-02-17,Nakuru,0.3,19.5
2025-02-17,Uasin Gishu,0.0,23.6
2025-02-18,Machakos,0.0,26.0
2025-02-18,Kitui,0.0,27.8
2025-02-18,Makueni,1.7,24.0
2025-02-18,Nairobi,11.5,24.0
2025-02-18,Nakuru,5.1,22.2
2025-02-18,Uasin Gishu,15.9,25.0
2025-02-19,Machakos,,21.9
2025-02-19,Kitui,17.6,28.4
2025-02-19,Makueni,29.9,30.2
2025-02-19,Nairobi,23.3,23.4
2025-02-19,Nakuru,0.0,18.9
2025-02-19,Uasin Gishu,,22.4
2025-02-20,Machakos,4.2,24.2
2025-02-20,Kitui,14.5,21.3
2025-02-20,Makueni,10.4,19.8
2025-02-20,Nairobi,6.6,26.4
2025-02-20,Nakuru,12.2,22.3
2025-02-20,Uasin Gishu,0.0,29.3
2025-02-21,Machakos,0.0,24.3
2025-02-21,Kitui,0.7,20.4
2025-02-21,Makueni,7.0,18.6
2025-02-21,Nairobi,0.0,25.2
2025-02-21,Nakuru,12.7,23.6
2025-02-21,Uasin Gishu,3.4,19.7
2025-02-22,Machakos,8.5,19.8
2025-02-22,Kitui,10.7,22.5
2025-02-22,Makueni,0.0,26.1
2025-02-22,Nairobi,0.0,23.5
2025-02-22,Nakuru,0.0,25.4
2025-02-22,Uasin Gishu,14.0,21.2
2025-02-23,Machakos,9.4,22.1
2025-02-23,Kitui,14.4,28.3
2025-02-23,Makueni,0.0,25.9
2025-02-23,Nairobi,9.3,23.2
2025-02-23,Nakuru,0.0,18.3
2025-02-23,Uasin Gishu,2.1,22.0
2025-02-24,Machakos,0.0,23.7
2025-02-24,Kitui,10.1,30.6
2025-02-24,Makueni,8.3,21.7
2025-02-24,Nairobi,0.0,22.9
2025-02-24,Nakuru,3.1,24.7
2025-02-24,Uasin Gishu,1.9,22.2
2025-02-25,Machakos,4.2,15.4
2025-02-25,Kitui,0.0,25.8
2025-02-25,Makueni,2.7,25.5
2025-02-25,Nairobi,6.0,22.3
2025-02-25,Nakuru,1.5,17.0
2025-02-25,Uasin Gishu,4.6,20.5
2025-02-26,Machakos,4.3,25.6
2025-02-26,Kitui,3.8,23.0
2025-02-26,Makueni,0.0,25.4
2025-02-26,Nairobi,0.0,30.9
2025-02-26,Nakuru,0.0,27.5
2025-02-26,Uasin Gishu,0.0,15.9
2025-02-27,Machakos,0.0,23.4
2025-02-27,Kitui,2.6,20.9
2025-02-27,Makueni,7.0,24.5
2025-02-27,Nairobi,8.6,22.2
2025-02-27,Nakuru,9.5,27.3
2025-02-27,Uasin Gishu,4.2,23.9
2025-02-28,Machakos,0.0,22.0
2025-02-28,Kitui,23.0,20.9
2025-02-28,Makueni,0.0,24.1
2025-02-28,Nairobi,0.0,29.7
2025-02-28,Nakuru,3.9,21.2
2025-02-28,Uasin Gishu,2.2,24.9
2025-03-01,Machakos,4.9,25.9
2025-03-01,Kitui,4.1,30.1
2025-03-01,Makueni,14.0,22.3
2025-03-01,Nairobi,6.8,25.1
2025-03-01,Nakuru,5.7,30.6
2025-03-01,Uasin Gishu,4.6,26.4
2025-03-02,Machakos,2.9,24.5
2025-03-02,Kitui,0.0,24.0
2025-03-02,Makueni,3.6,26.4
2025-03-02,Nairobi,8.9,24.0
2025-03-02,Nakuru,12.6,22.7
2025-03-02,Uasin Gishu,0.0,23.0
2025-03-03,Machakos,5.6,25.0
2025-03-03,Kitui,0.0,27.6
2025-03-03,Makueni,15.8,24.3
2025-03-03,Nairobi,0.1,25.8
2025-03-03,Nakuru,5.8,23.6
2025-03-03,Uasin Gishu,4.8,28.2
2025-03-04,Machakos,,22.8
2025-03-04,Kitui,4.5,22.7
2025-03-04,Makueni,0.0,22.6
2025-03-04,Nairobi,0.0,20.7
2025-03-04,Nakuru,0.0,26.3
2025-03-04,Uasin Gishu,10.3,21.4
2025-03-05,Machakos,7.1,21.8
2025-03-05,Kitui,2.7,23.2
2025-03-05,Makueni,0.0,27.0
2025-03-05,Nairobi,3.7,20.1
2025-03-05,Nakuru,,21.3
2025-03-05,Uasin Gishu,2.1,18.7
2025-03-06,Machakos,,16.8
2025-03-06,Kitui,0.0,27.7
2025-03-06,Makueni,0.0,17.5
2025-03-06,Nairobi,4.2,22.2
2025-03-06,Nakuru,3.4,24.4
2025-03-06,Uasin Gishu,9.7,30.0
2025-03-07,Machakos,6.4,25.3
2025-03-07,Kitui,20.7,21.6
2025-03-07,Makueni,0.8,23.4
2025-03-07,Nairobi,14.1,23.3
2025-03-07,Nakuru,0.0,24.5
2025-03-07,Uasin Gishu,5.2,22.2
2025-03-08,Machakos,6.7,18.6
2025-03-08,Kitui,8.4,20.6
2025-03-08,Makueni,3.3,26.3
2025-03-08,Nairobi,0.0,24.6
2025-03-08,Nakuru,15.2,33.0
2025-03-08,Uasin Gishu,0.0,24.6
2025-03-09,Machakos,18.0,25.7
2025-03-09,Kitui,0.0,26.1
2025-03-09,Makueni,9.4,26.7
2025-03-09,Nairobi,6.8,23.8
2025-03-09,Nakuru,7.1,26.0
2025-03-09,Uasin Gishu,0.0,20.3
2025-03-10,Machakos,0.0,22.9
2025-03-10,Kitui,5.6,22.4
2025-03-10,Makueni,5.9,24.8
2025-03-10,Nairobi,14.0,21.7
2025-03-10,Nakuru,8.6,24.8
2025-03-10,Uasin Gishu,0.0,19.2
2025-03-11,Machakos,0.0,21.0
2025-03-11,Kitui,1.1,25.5
2025-03-11,Makueni,7.5,25.7
2025-03-11,Nairobi,1.7,22.8
2025-03-11,Nakuru,0.2,31.1
2025-03-11,Uasin Gishu,2.8,19.2
2025-03-12,Machakos,18.2,21.3
2025-03-12,Kitui,0.0,20.1
2025-03-12,Makueni,0.2,26.7
2025-03-12,Nairobi,,22.5
2025-03-12,Nakuru,0.0,25.5
2025-03-12,Uasin Gishu,0.0,22.4
2025-03-13,Machakos,0.0,20.5
2025-03-13,Kitui,5.7,27.1
2025-03-13,Makueni,7.5,19.7
2025-03-13,Nairobi,6.2,27.4
2025-03-13,Nakuru,0.4,21.8
2025-03-13,Uasin Gishu,10.1,27.6
2025-03-14,Machakos,0.0,17.6
2025-03-14,Kitui,,29.1
2025-03-14,Makueni,0.0,22.4
2025-03-14,Nairobi,0.0,20.5
2025-03-14,Nakuru,0.0,21.2
2025-03-14,Uasin Gishu,20.7,20.3
2025-03-15,Machakos,0.0,22.8
2025-03-15,Kitui,0.0,20.6
2025-03-15,Makueni,9.0,18.7
2025-03-15,Nairobi,21.6,21.9
2025-03-15,Nakuru,8.7,21.7
2025-03-15,Uasin Gishu,0.0,29.4
2025-03-16,Machakos,0.0,25.8
2025-03-16,Kitui,14.5,19.4
2025-03-16,Makueni,0.0,20.3
2025-03-16,Nairobi,2.7,21.5
2025-03-16,Nakuru,9.2,24.9
2025-03-16,Uasin Gishu,,23.2
2025-03-17,Machakos,5.3,22.9
2025-03-17,Kitui,0.0,26.7
2025-03-17,Makueni,0.1,20.7
2025-03-17,Nairobi,2.9,29.3
2025-03-17,Nakuru,7.2,25.7
2025-03-17,Uasin Gishu,4.1,21.0
2025-03-18,Machakos,0.0,23.9
2025-03-18,Kitui,0.0,25.2
2025-03-18,Makueni,16.3,23.3
2025-03-18,Nairobi,0.0,26.4
2025-03-18,Nakuru,0.0,20.0
2025-03-18,Uasin Gishu,7.8,24.4
2025-03-19,Machakos,0.0,21.4
2025-03-19,Kitui,13.4,24.0
2025-03-19,Makueni,8.0,21.3
2025-03-19,Nairobi,6.0,15.8
2025-03-19,Nakuru,6.3,26.1
2025-03-19,Uasin Gishu,,22.7
2025-03-20,Machakos,2.2,25.6
2025-03-20,Kitui,0.0,31.2
2025-03-20,Makueni,3.9,22.8
2025-03-20,Nairobi,2.0,22.7
2025-03-20,Nakuru,0.0,26.1
2025-03-20,Uasin Gishu,19.0,25.9
2025-03-21,Machakos,0.0,25.0
2025-03-21,Kitui,,26.9
2025-03-21,Makueni,1.0,32.1
2025-03-21,Nairobi,8.6,24.9
2025-03-21,Nakuru,7.7,25.2
2025-03-21,Uasin Gishu,3.2,19.4
2025-03-22,Machakos,15.2,17.5
2025-03-22,Kitui,14.3,28.3
2025-03-22,Makueni,0.0,26.3
2025-03-22,Nairobi,0.0,22.9
2025-03-22,Nakuru,0.0,21.0
2025-03-22,Uasin Gishu,12.6,17.2
2025-03-23,Machakos,0.0,25.0
2025-03-23,Kitui,6.8,19.9
2025-03-23,Makueni,,22.8
2025-03-23,Nairobi,4.3,22.9
2025-03-23,Nakuru,5.0,19.0
2025-03-23,Uasin Gishu,14.5,22.6
2025-03-24,Machakos,7.2,21.2
2025-03-24,Kitui,2.3,29.0
2025-03-24,Makueni,7.2,26.0
2025-03-24,Nairobi,,25.8
2025-03-24,Nakuru,,22.2
2025-03-24,Uasin Gishu,9.6,28.1
2025-03-25,Machakos,11.0,27.0
2025-03-25,Kitui,0.0,28.9
2025-03-25,Makueni,8.7,24.7
2025-03-25,Nairobi,7.9,22.9
2025-03-25,Nakuru,7.7,20.2
2025-03-25,Uasin Gishu,7.9,25.8
2025-03-26,Machakos,4.1,26.9
2025-03-26,Kitui,0.0,22.9
2025-03-26,Makueni,10.9,20.3
2025-03-26,Nairobi,9.0,24.6
2025-03-26,Nakuru,8.1,25.0
2025-03-26,Uasin Gishu,22.2,24.0
2025-03-27,Machakos,9.5,21.6
2025-03-27,Kitui,18.4,22.5
2025-03-27,Makueni,8.1,29.9
2025-03-27,Nairobi,0.0,23.2
2025-03-27,Nakuru,10.6,24.9
2025-03-27,Uasin Gishu,6.2,22.3
2025-03-28,Machakos,0.0,24.8
2025-03-28,Kitui,2.0,26.5
2025-03-28,Makueni,0.0,23.1
2025-03-28,Nairobi,15.6,25.1
2025-03-28,Nakuru,13.0,27.8
2025-03-28,Uasin Gishu,0.0,28.1
2025-03-29,Machakos,0.0,27.4
2025-03-29,Kitui,8.2,24.3
2025-03-29,Makueni,0.0,20.4
2025-03-29,Nairobi,0.0,22.6
2025-03-29,Nakuru,0.0,24.2
2025-03-29,Uasin Gishu,17.0,31.2
2025-03-30,Machakos,,20.1
2025-03-30,Kitui,,24.3
2025-03-30,Makueni,0.0,24.4
2025-03-30,Nairobi,0.0,22.6
2025-03-30,Nakuru,0.0,23.9
2025-03-30,Uasin Gishu,10.0,23.0
2025-03-31,Machakos,5.4,24.2
2025-03-31,Kitui,8.1,27.9
2025-03-31,Makueni,8.0,20.5
2025-03-31,Nairobi,17.6,22.7
2025-03-31,Nakuru,0.0,18.8
2025-03-31,Uasin Gishu,14.2,21.2
2025-04-01,Machakos,1.2,24.8
2025-04-01,Kitui,0.0,20.1
2025-04-01,Makueni,1.2,23.1
2025-04-01,Nairobi,0.0,27.3
2025-04-01,Nakuru,13.4,26.2
2025-04-01,Uasin Gishu,0.0,22.7
2025-04-02,Machakos,17.2,21.8
2025-04-02,Kitui,,26.9
2025-04-02,Makueni,0.0,26.1
2025-04-02,Nairobi,8.3,21.5
2025-04-02,Nakuru,18.4,19.1
2025-04-02,Uasin Gishu,6.0,25.0
2025-04-03,Machakos,5.2,22.8
2025-04-03,Kitui,6.9,19.4
2025-04-03,Makueni,13.1,21.3
2025-04-03,Nairobi,0.0,28.1
2025-04-03,Nakuru,0.0,24.9
2025-04-03,Uasin Gishu,0.0,25.9
2025-04-04,Machakos,9.8,26.6
2025-04-04,Kitui,2.5,23.2
2025-04-04,Makueni,1.4,24.8
2025-04-04,Nairobi,17.4,20.8
2025-04-04,Nakuru,0.0,29.2
2025-04-04,Uasin Gishu,9.0,21.8
2025-04-05,Machakos,4.6,20.5
2025-04-05,Kitui,14.9,24.3
2025-04-05,Makueni,5.5,29.1
2025-04-05,Nairobi,2.7,21.3
2025-04-05,Nakuru,9.2,28.4
2025-04-05,Uasin Gishu,8.1,24.5
2025-04-06,Machakos,0.0,22.7
2025-04-06,Kitui,1.6,17.9
2025-04-06,Makueni,,27.1
2025-04-06,Nairobi,11.3,19.4
2025-04-06,Nakuru,0.0,24.0
2025-04-06,Uasin Gishu,0.1,29.9
2025-04-07,Machakos,11.9,21.1
2025-04-07,Kitui,0.0,21.1
2025-04-07,Makueni,4.1,25.7
2025-04-07,Nairobi,5.0,30.3
2025-04-07,Nakuru,0.0,24.8
2025-04-07,Uasin Gishu,13.5,25.3
2025-04-08,Machakos,0.0,24.9
2025-04-08,Kitui,3.1,20.7
2025-04-08,Makueni,0.0,23.7
2025-04-08,Nairobi,2.2,24.0
2025-04-08,Nakuru,0.0,20.9
2025-04-08,Uasin Gishu,7.3,26.7
2025-04-09,Machakos,9.4,27.8
2025-04-09,Kitui,4.6,23.1
2025-04-09,Makueni,4.0,30.4
2025-04-09,Nairobi,0.0,22.9
2025-04-09,Nakuru,2.7,27.1
2025-04-09,Uasin Gishu,0.0,25.1
2025-04-10,Machakos,11.7,25.8
2025-04-10,Kitui,0.0,20.0
2025-04-10,Makueni,12.1,25.7
2025-04-10,Nairobi,0.0,17.3
2025-04-10,Nakuru,0.0,19.4
2025-04-10,Uasin Gishu,0.0,30.9
2025-04-11,Machakos,3.7,28.6
2025-04-11,Kitui,9.9,25.8
2025-04-11,Makueni,0.0,20.6
2025-04-11,Nairobi,4.9,21.6
2025-04-11,Nakuru,0.0,23.5
2025-04-11,Uasin Gishu,0.0,22.6
2025-04-12,Machakos,0.0,19.5
2025-04-12,Kitui,14.2,26.5
2025-04-12,Makueni,17.5,26.6
2025-04-12,Nairobi,3.8,25.3
2025-04-12,Nakuru,4.7,28.6
2025-04-12,Uasin Gishu,,26.4
2025-04-13,Machakos,10.8,20.3
2025-04-13,Kitui,2.6,18.7
2025-04-13,Makueni,0.0,24.3
2025-04-13,Nairobi,3.8,27.3
2025-04-13,Nakuru,0.0,23.3
2025-04-13,Uasin Gishu,4.4,20.9
2025-04-14,Machakos,4.6,20.1
2025-04-14,Kitui,9.1,18.1
2025-04-14,Makueni,14.0,26.0
2025-04-14,Nairobi,,26.2
2025-04-14,Nakuru,0.0,30.6
2025-04-14,Uasin Gishu,0.0,22.7
2025-04-15,Machakos,10.0,20.4
2025-04-15,Kitui,0.0,17.4
2025-04-15,Makueni,0.0,22.9
2025-04-15,Nairobi,0.0,24.1
2025-04-15,Nakuru,0.0,21.5
2025-04-15,Uasin Gishu,3.0,12.8
2025-04-16,Machakos,7.2,27.4
2025-04-16,Kitui,12.9,22.0
2025-04-16,Makueni,1.3,20.8
2025-04-16,Nairobi,13.3,23.7
2025-04-16,Nakuru,10.5,23.0
2025-04-16,Uasin Gishu,0.0,24.9
2025-04-17,Machakos,0.0,27.9
2025-04-17,Kitui,6.1,25.1
2025-04-17,Makueni,0.0,23.0
2025-04-17,Nairobi,1.5,28.3
2025-04-17,Nakuru,3.7,19.7
2025-04-17,Uasin Gishu,11.5,23.6
2025-04-18,Machakos,6.6,21.0
2025-04-18,Kitui,0.0,28.4
2025-04-18,Makueni,5.7,28.4
2025-04-18,Nairobi,2.1,20.9
2025-04-18,Nakuru,10.9,23.2
2025-04-18,Uasin Gishu,0.0,27.1
2025-04-19,Machakos,0.0,21.8
2025-04-19,Kitui,1.8,21.8
2025-04-19,Makueni,2.7,24.2
2025-04-19,Nairobi,0.0,21.6
2025-04-19,Nakuru,1.1,23.9
2025-04-19,Uasin Gishu,0.0,21.8
2025-04-20,Machakos,0.0,23.6
2025-04-20,Kitui,11.7,20.6
2025-04-20,Makueni,3.5,25.3
2025-04-20,Nairobi,13.5,19.8
2025-04-20,Nakuru,12.5,22.9
2025-04-20,Uasin Gishu,0.0,30.3
2025-04-21,Machakos,17.1,26.2
2025-04-21,Kitui,8.5,27.4
2025-04-21,Makueni,0.0,22.4
2025-04-21,Nairobi,10.1,26.1
2025-04-21,Nakuru,0.0,23.6
2025-04-21,Uasin Gishu,6.8,21.3
2025-04-22,Machakos,11.9,27.0
2025-04-22,Kitui,0.3,20.9
2025-04-22,Makueni,0.0,24.6
2025-04-22,Nairobi,0.0,25.3
2025-04-22,Nakuru,13.0,26.1
2025-04-22,Uasin Gishu,0.0,21.6
2025-04-23,Machakos,8.8,26.1
2025-04-23,Kitui,0.0,26.6
2025-04-23,Makueni,0.0,23.9
2025-04-23,Nairobi,12.3,18.9
2025-04-23,Nakuru,10.0,23.7
2025-04-23,Uasin Gishu,0.0,28.8
2025-04-24,Machakos,2.5,31.5
2025-04-24,Kitui,0.0,21.7
2025-04-24,Makueni,0.0,30.0
2025-04-24,Nairobi,1.8,22.6
2025-04-24,Nakuru,6.8,24.2
2025-04-24,Uasin Gishu,10.5,26.7
2025-04-25,Machakos,20.4,26.2
2025-04-25,Kitui,6.5,24.7
2025-04-25,Makueni,3.1,28.0
2025-04-25,Nairobi,3.2,27.6
2025-04-25,Nakuru,0.0,23.6
2025-04-25,Uasin Gishu,0.0,20.8
2025-04-26,Machakos,9.0,25.6
2025-04-26,Kitui,7.4,25.5
2025-04-26,Makueni,2.4,25.4
2025-04-26,Nairobi,4.4,20.2
2025-04-26,Nakuru,2.8,24.3
2025-04-26,Uasin Gishu,12.8,23.0
2025-04-27,Machakos,7.7,23.5
2025-04-27,Kitui,11.6,25.5
2025-04-27,Makueni,9.7,28.2
2025-04-27,Nairobi,0.0,24.9
2025-04-27,Nakuru,9.3,16.9
2025-04-27,Uasin Gishu,4.8,29.9
2025-04-28,Machakos,11.7,22.6
2025-04-28,Kitui,10.5,20.7
2025-04-28,Makueni,0.0,26.4
2025-04-28,Nairobi,2.5,21.9
2025-04-28,Nakuru,13.8,23.0
2025-04-28,Uasin Gishu,5.2,22.2
2025-04-29,Machakos,2.5,22.9
2025-04-29,Kitui,8.8,24.1
2025-04-29,Makueni,2.6,26.6
2025-04-29,Nairobi,1.9,25.9
2025-04-29,Nakuru,13.1,19.5
2025-04-29,Uasin Gishu,7.6,21.4
2025-04-30,Machakos,0.0,25.0
2025-04-30,Kitui,0.0,25.7
2025-04-30,Makueni,8.4,18.4
2025-04-30,Nairobi,0.0,21.1
2025-04-30,Nakuru,7.9,27.5
2025-04-30,Uasin Gishu,10.1,25.0
2025-05-01,Machakos,9.1,26.0
2025-05-01,Kitui,12.3,20.8
2025-05-01,Makueni,8.6,25.4
2025-05-01,Nairobi,0.0,23.1
2025-05-01,Nakuru,7.6,24.5
2025-05-01,Uasin Gishu,3.3,24.2
2025-05-02,Machakos,9.3,26.2
2025-05-02,Kitui,5.1,20.4
2025-05-02,Makueni,3.6,24.9
2025-05-02,Nairobi,0.0,18.1
2025-05-02,Nakuru,7.1,27.2
2025-05-02,Uasin Gishu,2.2,23.2
2025-05-03,Machakos,1.8,22.3
2025-05-03,Kitui,0.9,22.8
2025-05-03,Makueni,0.0,18.0
2025-05-03,Nairobi,11.7,28.4
2025-05-03,Nakuru,10.0,24.4
2025-05-03,Uasin Gishu,8.4,22.3
2025-05-04,Machakos,8.0,23.1
2025-05-04,Kitui,4.8,26.7
2025-05-04,Makueni,6.2,25.0
2025-05-04,Nairobi,2.3,19.9
2025-05-04,Nakuru,0.0,24.9
2025-05-04,Uasin Gishu,0.0,17.8
2025-05-05,Machakos,0.0,23.9
2025-05-05,Kitui,0.0,25.4
2025-05-05,Makueni,0.4,23.3
2025-05-05,Nairobi,0.0,24.4
2025-05-05,Nakuru,17.5,19.6
2025-05-05,Uasin Gishu,7.6,26.0
2025-05-06,Machakos,4.2,23.6
2025-05-06,Kitui,0.6,17.4
2025-05-06,Makueni,0.0,24.8
2025-05-06,Nairobi,11.5,29.4
2025-05-06,Nakuru,0.0,22.4
2025-05-06,Uasin Gishu,3.2,26.1
2025-05-07,Machakos,,27.6
2025-05-07,Kitui,1.5,18.2
2025-05-07,Makueni,4.2,27.9
2025-05-07,Nairobi,11.6,27.0
2025-05-07,Nakuru,0.0,23.5
2025-05-07,Uasin Gishu,4.8,22.6
2025-05-08,Machakos,4.4,27.7
2025-05-08,Kitui,0.0,23.8
2025-05-08,Makueni,0.8,23.5
2025-05-08,Nairobi,10.1,25.7
2025-05-08,Nakuru,0.0,29.6
2025-05-08,Uasin Gishu,0.0,25.5
2025-05-09,Machakos,2.5,25.5
2025-05-09,Kitui,16.6,24.5
2025-05-09,Makueni,8.7,23.0
2025-05-09,Nairobi,10.6,26.9
2025-05-09,Nakuru,0.8,24.7
2025-05-09,Uasin Gishu,0.0,19.7
2025-05-10,Machakos,,22.5
2025-05-10,Kitui,0.0,32.5
2025-05-10,Makueni,10.0,20.0
2025-05-10,Nairobi,10.3,22.5
2025-05-10,Nakuru,0.0,26.6
2025-05-10,Uasin Gishu,,24.2
2025-05-11,Machakos,5.4,28.3
2025-05-11,Kitui,0.0,20.7
2025-05-11,Makueni,2.3,27.3
2025-05-11,Nairobi,4.2,21.1
2025-05-11,Nakuru,0.0,22.0
2025-05-11,Uasin Gishu,13.4,22.4
2025-05-12,Machakos,15.9,20.9
2025-05-12,Kitui,6.7,26.1
2025-05-12,Makueni,11.1,22.1
2025-05-12,Nairobi,0.0,25.7
2025-05-12,Nakuru,4.6,20.1
2025-05-12,Uasin Gishu,8.5,23.8
2025-05-13,Machakos,9.4,19.5
2025-05-13,Kitui,0.0,25.3
2025-05-13,Makueni,17.5,20.3
2025-05-13,Nairobi,0.0,19.9
2025-05-13,Nakuru,3.6,18.3
2025-05-13,Uasin Gishu,0.0,24.1
2025-05-14,Machakos,3.4,24.2
2025-05-14,Kitui,9.2,23.1
2025-05-14,Makueni,,26.5
2025-05-14,Nairobi,0.0,22.8
2025-05-14,Nakuru,0.0,21.4
2025-05-14,Uasin Gishu,18.8,20.5
2025-05-15,Machakos,3.7,27.3
2025-05-15,Kitui,8.0,21.9
2025-05-15,Makueni,0.0,24.4
2025-05-15,Nairobi,8.8,26.0
2025-05-15,Nakuru,,22.3
2025-05-15,Uasin Gishu,6.1,18.4
2025-05-16,Machakos,7.7,20.7
2025-05-16,Kitui,5.4,18.1
2025-05-16,Makueni,11.8,20.6
2025-05-16,Nairobi,,19.2
2025-05-16,Nakuru,3.6,31.0
2025-05-16,Uasin Gishu,0.0,25.8
2025-05-17,Machakos,0.0,22.6
2025-05-17,Kitui,13.0,24.1
2025-05-17,Makueni,9.1,24.0
2025-05-17,Nairobi,9.0,19.4
2025-05-17,Nakuru,0.0,26.5
2025-05-17,Uasin Gishu,8.3,29.5
2025-05-18,Machakos,0.0,20.7
2025-05-18,Kitui,18.0,24.1
2025-05-18,Makueni,0.0,20.2
2025-05-18,Nairobi,0.7,21.9
2025-05-18,Nakuru,20.8,17.8
2025-05-18,Uasin Gishu,8.2,25.5
2025-05-19,Machakos,,21.4
2025-05-19,Kitui,2.1,24.9
2025-05-19,Makueni,5.6,19.2
2025-05-19,Nairobi,2.0,21.4
2025-05-19,Nakuru,3.8,27.6
2025-05-19,Uasin Gishu,4.8,24.5
2025-05-20,Machakos,13.9,27.3
2025-05-20,Kitui,11.4,18.0
2025-05-20,Makueni,6.0,25.0
2025-05-20,Nairobi,0.0,28.3
2025-05-20,Nakuru,0.2,23.4
2025-05-20,Uasin Gishu,5.5,19.4
2025-05-21,Machakos,9.4,27.7
2025-05-21,Kitui,0.0,20.8
2025-05-21,Makueni,0.0,19.3
2025-05-21,Nairobi,3.3,19.9
2025-05-21,Nakuru,0.0,28.8
2025-05-21,Uasin Gishu,7.3,19.9
2025-05-22,Machakos,4.1,24.2
2025-05-22,Kitui,,25.1
2025-05-22,Makueni,13.5,25.0
2025-05-22,Nairobi,0.3,17.2
2025-05-22,Nakuru,11.1,22.3
2025-05-22,Uasin Gishu,,22.6
2025-05-23,Machakos,1.4,25.9
2025-05-23,Kitui,13.4,24.3
2025-05-23,Makueni,,23.5
2025-05-23,Nairobi,0.0,16.5
2025-05-23,Nakuru,0.0,23.7
2025-05-23,Uasin Gishu,7.2,23.2
2025-05-24,Machakos,14.7,26.3
2025-05-24,Kitui,0.0,25.6
2025-05-24,Makueni,10.8,26.3
2025-05-24,Nairobi,7.4,24.9
2025-05-24,Nakuru,3.4,19.7
2025-05-24,Uasin Gishu,11.0,22.0
2025-05-25,Machakos,10.5,20.6
2025-05-25,Kitui,0.0,21.9
2025-05-25,Makueni,13.1,24.6
2025-05-25,Nairobi,0.0,19.9
2025-05-25,Nakuru,3.4,24.0
2025-05-25,Uasin Gishu,0.8,23.3
2025-05-26,Machakos,0.0,23.8
2025-05-26,Kitui,10.4,24.1
2025-05-26,Makueni,3.6,25.1
2025-05-26,Nairobi,0.0,32.0
2025-05-26,Nakuru,12.7,25.3
2025-05-26,Uasin Gishu,7.8,20.0
2025-05-27,Machakos,17.5,26.1
2025-05-27,Kitui,2.1,21.2
2025-05-27,Makueni,7.3,25.7
2025-05-27,Nairobi,0.0,22.7
2025-05-27,Nakuru,7.1,25.7
2025-05-27,Uasin Gishu,0.0,18.6
2025-05-28,Machakos,2.7,23.4
2025-05-28,Kitui,13.2,20.5
2025-05-28,Makueni,15.6,24.1
2025-05-28,Nairobi,11.5,20.6
2025-05-28,Nakuru,12.2,23.9
2025-05-28,Uasin Gishu,6.8,14.1
2025-05-29,Machakos,11.1,23.1
2025-05-29,Kitui,5.8,20.4
2025-05-29,Makueni,14.3,24.9
2025-05-29,Nairobi,0.0,18.8
2025-05-29,Nakuru,25.9,23.5
2025-05-29,Uasin Gishu,0.0,26.3
2025-05-30,Machakos,4.0,17.5
2025-05-30,Kitui,0.0,23.8
2025-05-30,Makueni,8.1,16.4
2025-05-30,Nairobi,7.7,22.6
2025-05-30,Nakuru,7.7,24.2
2025-05-30,Uasin Gishu,0.0,22.1
2025-05-31,Machakos,,16.9
2025-05-31,Kitui,0.0,21.5
2025-05-31,Makueni,0.0,22.5
2025-05-31,Nairobi,,28.3
2025-05-31,Nakuru,3.8,26.8
2025-05-31,Uasin Gishu,0.0,21.7
2025-06-01,Machakos,9.5,23.1
2025-06-01,Kitui,0.0,20.9
2025-06-01,Makueni,0.0,30.0
2025-06-01,Nairobi,0.0,24.7
2025-06-01,Nakuru,1.4,21.4
2025-06-01,Uasin Gishu,9.7,28.3
2025-06-02,Machakos,8.4,22.4
2025-06-02,Kitui,0.0,18.2
2025-06-02,Makueni,0.0,19.9
2025-06-02,Nairobi,9.3,22.2
2025-06-02,Nakuru,6.2,20.7
2025-06-02,Uasin Gishu,0.0,20.5
2025-06-03,Machakos,3.9,19.2
2025-06-03,Kitui,0.0,26.6
2025-06-03,Makueni,6.9,22.6
2025-06-03,Nairobi,18.0,20.5
2025-06-03,Nakuru,19.4,20.4
2025-06-03,Uasin Gishu,4.9,23.9
2025-06-04,Machakos,6.6,29.1
2025-06-04,Kitui,12.8,27.2
2025-06-04,Makueni,9.3,24.5
2025-06-04,Nairobi,0.0,19.9
2025-06-04,Nakuru,8.7,28.2
2025-06-04,Uasin Gishu,4.3,26.0
2025-06-05,Machakos,0.0,19.8
2025-06-05,Kitui,3.6,21.4
2025-06-05,Makueni,0.0,26.6
2025-06-05,Nairobi,4.5,25.9
2025-06-05,Nakuru,7.1,19.5
2025-06-05,Uasin Gishu,6.0,25.0
2025-06-06,Machakos,9.4,23.2
2025-06-06,Kitui,0.0,24.1
2025-06-06,Makueni,0.0,19.2
2025-06-06,Nairobi,1.0,22.4
2025-06-06,Nakuru,1.3,26.1
2025-06-06,Uasin Gishu,4.9,21.0
2025-06-07,Machakos,15.6,22.7
2025-06-07,Kitui,0.0,23.9
2025-06-07,Makueni,9.4,20.5
2025-06-07,Nairobi,4.3,28.8
2025-06-07,Nakuru,9.4,25.2
2025-06-07,Uasin Gishu,15.8,24.9
2025-06-08,Machakos,1.3,22.6
2025-06-08,Kitui,1.2,17.1
2025-06-08,Makueni,16.7,21.9
2025-06-08,Nairobi,18.2,24.9
2025-06-08,Nakuru,9.8,22.6
2025-06-08,Uasin Gishu,10.3,28.7
2025-06-09,Machakos,14.4,21.2
2025-06-09,Kitui,0.0,26.0
2025-06-09,Makueni,8.5,25.6
2025-06-09,Nairobi,10.5,21.6
2025-06-09,Nakuru,0.0,21.6
2025-06-09,Uasin Gishu,12.2,27.7
2025-06-10,Machakos,0.0,24.2
2025-06-10,Kitui,1.0,22.6
2025-06-10,Makueni,0.0,21.0
2025-06-10,Nairobi,0.0,32.7
2025-06-10,Nakuru,5.9,27.3
2025-06-10,Uasin Gishu,2.2,17.5
2025-06-11,Machakos,5.2,18.4
2025-06-11,Kitui,12.3,23.0
2025-06-11,Makueni,7.2,23.4
2025-06-11,Nairobi,16.8,27.7
2025-06-11,Nakuru,3.1,23.3
2025-06-11,Uasin Gishu,6.6,26.1
2025-06-12,Machakos,0.0,24.9
2025-06-12,Kitui,6.4,29.5
2025-06-12,Makueni,,25.7
2025-06-12,Nairobi,0.0,23.5
2025-06-12,Nakuru,0.0,27.2
2025-06-12,Uasin Gishu,1.0,23.2
2025-06-13,Machakos,0.0,25.3
2025-06-13,Kitui,0.0,25.4
2025-06-13,Makueni,0.0,16.9
2025-06-13,Nairobi,0.1,23.3
2025-06-13,Nakuru,6.4,20.9
2025-06-13,Uasin Gishu,3.0,21.0
2025-06-14,Machakos,0.7,24.1
2025-06-14,Kitui,0.0,14.4
2025-06-14,Makueni,1.2,21.2
2025-06-14,Nairobi,6.6,25.8
2025-06-14,Nakuru,12.7,22.7
2025-06-14,Uasin Gishu,0.0,23.5
2025-06-15,Machakos,0.0,27.0
2025-06-15,Kitui,11.6,17.8
2025-06-15,Makueni,0.0,26.6
2025-06-15,Nairobi,2.6,24.5
2025-06-15,Nakuru,8.1,24.6
2025-06-15,Uasin Gishu,4.3,23.8
2025-06-16,Machakos,0.0,19.1
2025-06-16,Kitui,0.3,19.2
2025-06-16,Makueni,12.2,20.3
2025-06-16,Nairobi,0.0,20.8
2025-06-16,Nakuru,1.7,26.3
2025-06-16,Uasin Gishu,1.0,24.1
2025-06-17,Machakos,18.3,17.0
2025-06-17,Kitui,5.2,24.2
2025-06-17,Makueni,0.0,23.6
2025-06-17,Nairobi,0.7,21.1
2025-06-17,Nakuru,2.5,20.6
2025-06-17,Uasin Gishu,5.6,21.2
2025-06-18,Machakos,3.5,25.4
2025-06-18,Kitui,9.5,22.3
2025-06-18,Makueni,10.6,23.4
2025-06-18,Nairobi,0.0,26.1
2025-06-18,Nakuru,0.0,23.7
2025-06-18,Uasin Gishu,1.8,22.5
2025-06-19,Machakos,8.2,26.9
2025-06-19,Kitui,0.0,27.2
2025-06-19,Makueni,0.0,25.5
2025-06-19,Nairobi,2.3,29.9
2025-06-19,Nakuru,0.5,25.1
2025-06-19,Uasin Gishu,1.9,21.8
2025-06-20,Machakos,9.7,23.6
2025-06-20,Kitui,0.0,23.6
2025-06-20,Makueni,5.0,24.9
2025-06-20,Nairobi,,26.0
2025-06-20,Nakuru,0.0,18.5
2025-06-20,Uasin Gishu,3.9,21.1
2025-06-21,Machakos,11.4,26.4
2025-06-21,Kitui,9.5,26.4
2025-06-21,Makueni,19.8,25.4
2025-06-21,Nairobi,0.0,24.3
2025-06-21,Nakuru,0.0,22.1
2025-06-21,Uasin Gishu,0.7,20.4
2025-06-22,Machakos,9.7,26.4
2025-06-22,Kitui,9.0,31.1
2025-06-22,Makueni,7.3,28.5
2025-06-22,Nairobi,0.0,24.4
2025-06-22,Nakuru,0.0,26.4
2025-06-22,Uasin Gishu,1.5,25.3
2025-06-23,Machakos,0.0,21.3
2025-06-23,Kitui,6.0,24.8
2025-06-23,Makueni,5.9,21.7
2025-06-23,Nairobi,0.0,21.4
2025-06-23,Nakuru,1.2,25.8
2025-06-23,Uasin Gishu,16.2,25.2
2025-06-24,Machakos,7.9,23.9
2025-06-24,Kitui,10.8,20.9
2025-06-24,Makueni,10.0,25.6
2025-06-24,Nairobi,10.4,25.4
2025-06-24,Nakuru,6.3,23.7
2025-06-24,Uasin Gishu,14.5,15.8
2025-06-25,Machakos,3.0,19.5
2025-06-25,Kitui,8.5,23.6
2025-06-25,Makueni,0.0,24.4
2025-06-25,Nairobi,7.0,24.5
2025-06-25,Nakuru,31.6,24.6
2025-06-25,Uasin Gishu,8.4,24.4
2025-06-26,Machakos,5.2,22.3
2025-06-26,Kitui,15.4,26.5
2025-06-26,Makueni,5.2,27.7
2025-06-26,Nairobi,7.6,24.7
2025-06-26,Nakuru,,22.5
2025-06-26,Uasin Gishu,2.0,23.2
2025-06-27,Machakos,11.4,19.7
2025-06-27,Kitui,0.0,27.9
2025-06-27,Makueni,0.7,23.8
2025-06-27,Nairobi,8.3,23.4
2025-06-27,Nakuru,0.0,21.8
2025-06-27,Uasin Gishu,0.0,20.9
2025-06-28,Machakos,8.2,22.8
2025-06-28,Kitui,20.3,20.4
2025-06-28,Makueni,9.6,19.9
2025-06-28,Nairobi,0.0,18.9
2025-06-28,Nakuru,7.9,19.8
2025-06-28,Uasin Gishu,0.0,16.1
2025-06-29,Machakos,8.5,24.1
2025-06-29,Kitui,1.3,21.1
2025-06-29,Makueni,15.3,24.5
2025-06-29,Nairobi,13.8,25.6
2025-06-29,Nakuru,0.0,22.5
2025-06-29,Uasin Gishu,2.3,20.3
2025-06-30,Machakos,0.0,24.8
2025-06-30,Kitui,15.4,21.8
2025-06-30,Makueni,0.3,21.3
2025-06-30,Nairobi,18.7,26.1
2025-06-30,Nakuru,9.4,18.0
2025-06-30,Uasin Gishu,0.0,29.1
2025-07-01,Machakos,0.0,23.2
2025-07-01,Kitui,0.0,23.4
2025-07-01,Makueni,15.0,27.9
2025-07-01,Nairobi,0.2,23.7
2025-07-01,Nakuru,18.9,18.8
2025-07-01,Uasin Gishu,4.5,21.4
2025-07-02,Machakos,39.3,26.3
2025-07-02,Kitui,10.9,27.0
2025-07-02,Makueni,18.6,25.4
2025-07-02,Nairobi,4.5,19.9
2025-07-02,Nakuru,0.0,25.0
2025-07-02,Uasin Gishu,11.8,29.6
2025-07-03,Machakos,3.4,17.9
2025-07-03,Kitui,10.8,22.8
2025-07-03,Makueni,0.0,30.3
2025-07-03,Nairobi,12.3,22.1
2025-07-03,Nakuru,5.1,19.6
2025-07-03,Uasin Gishu,,27.0
2025-07-04,Machakos,0.3,22.9
2025-07-04,Kitui,0.0,21.7
2025-07-04,Makueni,11.6,21.6
2025-07-04,Nairobi,19.3,23.3
2025-07-04,Nakuru,9.2,24.0
2025-07-04,Uasin Gishu,11.7,23.4
2025-07-05,Machakos,0.0,25.9
2025-07-05,Kitui,21.4,20.9
2025-07-05,Makueni,10.5,18.6
2025-07-05,Nairobi,12.2,25.6
2025-07-05,Nakuru,0.7,18.0
2025-07-05,Uasin Gishu,13.0,23.0
2025-07-06,Machakos,0.7,20.1
2025-07-06,Kitui,0.0,21.7
2025-07-06,Makueni,8.5,24.3
2025-07-06,Nairobi,0.0,23.4
2025-07-06,Nakuru,9.3,20.4
2025-07-06,Uasin Gishu,,23.9
2025-07-07,Machakos,0.0,19.8
2025-07-07,Kitui,15.3,20.4
2025-07-07,Makueni,4.2,22.6
2025-07-07,Nairobi,0.0,22.2
2025-07-07,Nakuru,9.0,26.6
2025-07-07,Uasin Gishu,16.9,21.2
2025-07-08,Machakos,0.0,27.7
2025-07-08,Kitui,0.0,25.3
2025-07-08,Makueni,0.3,25.1
2025-07-08,Nairobi,12.1,24.3
2025-07-08,Nakuru,3.7,26.6
2025-07-08,Uasin Gishu,0.0,21.9
2025-07-09,Machakos,10.2,25.1
2025-07-09,Kitui,14.3,18.5
2025-07-09,Makueni,4.7,27.1
2025-07-09,Nairobi,0.5,21.9
2025-07-09,Nakuru,11.5,21.4
2025-07-09,Uasin Gishu,4.9,24.4
2025-07-10,Machakos,25.5,23.7
2025-07-10,Kitui,12.4,18.0
2025-07-10,Makueni,12.6,20.5
2025-07-10,Nairobi,0.0,21.3
2025-07-10,Nakuru,10.5,26.5
2025-07-10,Uasin Gishu,,22.1
2025-07-11,Machakos,5.6,25.9
2025-07-11,Kitui,7.2,22.3
2025-07-11,Makueni,0.0,18.5
2025-07-11,Nairobi,8.7,25.3
2025-07-11,Nakuru,1.4,25.5
2025-07-11,Uasin Gishu,6.2,29.3
2025-07-12,Machakos,11.3,19.3
2025-07-12,Kitui,,28.3
2025-07-12,Makueni,9.6,24.1
2025-07-12,Nairobi,0.0,19.8
2025-07-12,Nakuru,0.0,23.0
2025-07-12,Uasin Gishu,,25.0
2025-07-13,Machakos,0.0,24.8
2025-07-13,Kitui,3.6,31.4
2025-07-13,Makueni,1.5,24.7
2025-07-13,Nairobi,6.2,21.9
2025-07-13,Nakuru,0.0,25.1
2025-07-13,Uasin Gishu,0.0,27.5
2025-07-14,Machakos,13.4,21.2
2025-07-14,Kitui,,25.0
2025-07-14,Makueni,3.9,22.0
2025-07-14,Nairobi,0.0,24.1
2025-07-14,Nakuru,11.8,17.7
2025-07-14,Uasin Gishu,5.5,25.7
2025-07-15,Machakos,0.0,23.1
2025-07-15,Kitui,12.7,18.5
2025-07-15,Makueni,0.0,20.1
2025-07-15,Nairobi,0.0,24.7
2025-07-15,Nakuru,0.0,23.1
2025-07-15,Uasin Gishu,3.5,22.9
2025-07-16,Machakos,0.0,17.3
2025-07-16,Kitui,0.0,27.0
2025-07-16,Makueni,5.5,24.3
2025-07-16,Nairobi,13.7,20.5
2025-07-16,Nakuru,0.0,23.7
2025-07-16,Uasin Gishu,3.1,25.6
2025-07-17,Machakos,,22.2
2025-07-17,Kitui,1.8,20.4
2025-07-17,Makueni,14.8,25.8
2025-07-17,Nairobi,4.4,24.3
2025-07-17,Nakuru,9.8,23.1
2025-07-17,Uasin Gishu,0.0,28.8
2025-07-18,Machakos,9.3,28.3
2025-07-18,Kitui,0.0,25.2
2025-07-18,Makueni,0.0,18.1
2025-07-18,Nairobi,12.5,30.6
2025-07-18,Nakuru,13.3,32.9
2025-07-18,Uasin Gishu,,22.9
2025-07-19,Machakos,9.9,24.6
2025-07-19,Kitui,12.2,26.2
2025-07-19,Makueni,0.0,20.6
2025-07-19,Nairobi,0.0,25.7
2025-07-19,Nakuru,0.0,23.6
2025-07-19,Uasin Gishu,0.0,27.8
2025-07-20,Machakos,12.6,20.2
2025-07-20,Kitui,6.3,20.1
2025-07-20,Makueni,0.0,22.4
2025-07-20,Nairobi,0.0,25.1
2025-07-20,Nakuru,1.1,22.5
2025-07-20,Uasin Gishu,0.0,27.8
2025-07-21,Machakos,1.3,19.4
2025-07-21,Kitui,7.1,23.3
2025-07-21,Makueni,12.7,19.9
2025-07-21,Nairobi,0.0,21.3
2025-07-21,Nakuru,9.2,28.5
2025-07-21,Uasin Gishu,8.9,22.4
2025-07-22,Machakos,2.9,21.7
2025-07-22,Kitui,0.0,23.4
2025-07-22,Makueni,0.0,26.4
2025-07-22,Nairobi,14.2,21.4
2025-07-22,Nakuru,0.0,27.2
2025-07-22,Uasin Gishu,16.5,25.4
2025-07-23,Machakos,1.4,17.5
2025-07-23,Kitui,3.3,24.7
2025-07-23,Makueni,0.0,18.2
2025-07-23,Nairobi,3.3,19.2
2025-07-23,Nakuru,0.5,21.8
2025-07-23,Uasin Gishu,5.2,21.7
2025-07-24,Machakos,4.9,23.7
2025-07-24,Kitui,0.8,20.9
2025-07-24,Makueni,,32.3
2025-07-24,Nairobi,14.8,22.0
2025-07-24,Nakuru,0.0,24.5
2025-07-24,Uasin Gishu,14.9,24.1
2025-07-25,Machakos,17.8,25.9
2025-07-25,Kitui,0.0,20.1
2025-07-25,Makueni,8.4,23.9
2025-07-25,Nairobi,8.8,27.0
2025-07-25,Nakuru,10.1,25.3
2025-07-25,Uasin Gishu,0.0,21.3
2025-07-26,Machakos,0.9,26.1
2025-07-26,Kitui,3.9,27.2
2025-07-26,Makueni,3.3,27.2
2025-07-26,Nairobi,2.4,15.3
2025-07-26,Nakuru,4.0,23.4
2025-07-26,Uasin Gishu,16.0,20.8
2025-07-27,Machakos,,24.3
2025-07-27,Kitui,1.4,23.5
2025-07-27,Makueni,0.0,19.4
2025-07-27,Nairobi,16.8,19.8
2025-07-27,Nakuru,0.0,24.3
2025-07-27,Uasin Gishu,10.9,22.4
2025-07-28,Machakos,2.8,26.3
2025-07-28,Kitui,7.3,22.6
2025-07-28,Makueni,0.0,26.4
2025-07-28,Nairobi,0.6,19.7
2025-07-28,Nakuru,0.0,22.9
2025-07-28,Uasin Gishu,1.7,23.0
2025-07-29,Machakos,,22.3
2025-07-29,Kitui,15.7,27.5
2025-07-29,Makueni,8.9,20.6
2025-07-29,Nairobi,3.2,19.9
2025-07-29,Nakuru,7.7,21.1
2025-07-29,Uasin Gishu,0.0,20.2
2025-07-30,Machakos,21.2,21.2
2025-07-30,Kitui,2.1,21.2
2025-07-30,Makueni,9.7,22.0
2025-07-30,Nairobi,0.0,22.5
2025-07-30,Nakuru,0.0,15.6
2025-07-30,Uasin Gishu,5.0,17.8
2025-07-31,Machakos,10.9,21.9
2025-07-31,Kitui,6.7,23.0
2025-07-31,Makueni,0.0,20.9
2025-07-31,Nairobi,3.8,24.0
2025-07-31,Nakuru,0.0,18.0
2025-07-31,Uasin Gishu,1.3,28.3
2025-08-01,Machakos,4.4,26.4
2025-08-01,Kitui,9.1,14.7
2025-08-01,Makueni,0.0,24.5
2025-08-01,Nairobi,2.3,28.0
2025-08-01,Nakuru,6.2,23.1
2025-08-01,Uasin Gishu,0.0,25.9
2025-08-02,Machakos,8.6,23.5
2025-08-02,Kitui,0.0,19.0
2025-08-02,Makueni,0.0,28.9
2025-08-02,Nairobi,,20.8
2025-08-02,Nakuru,0.0,28.0
2025-08-02,Uasin Gishu,7.8,20.4
2025-08-03,Machakos,0.0,26.6
2025-08-03,Kitui,2.9,26.8
2025-08-03,Makueni,0.0,24.4
2025-08-03,Nairobi,0.0,24.4
2025-08-03,Nakuru,12.6,23.3
2025-08-03,Uasin Gishu,0.0,19.4
2025-08-04,Machakos,0.0,25.0
2025-08-04,Kitui,12.3,20.6
2025-08-04,Makueni,5.7,29.2
2025-08-04,Nairobi,0.4,25.2
2025-08-04,Nakuru,0.0,23.5
2025-08-04,Uasin Gishu,0.0,24.9
2025-08-05,Machakos,0.9,25.2
2025-08-05,Kitui,13.9,26.4
2025-08-05,Makueni,9.2,28.1
2025-08-05,Nairobi,0.0,26.7
2025-08-05,Nakuru,,23.7
2025-08-05,Uasin Gishu,0.0,24.0
2025-08-06,Machakos,0.9,30.5
2025-08-06,Kitui,20.3,17.9
2025-08-06,Makueni,,20.4
2025-08-06,Nairobi,0.7,17.4
2025-08-06,Nakuru,1.9,31.1
2025-08-06,Uasin Gishu,5.3,23.8
2025-08-07,Machakos,11.7,20.4
2025-08-07,Kitui,8.8,19.6
2025-08-07,Makueni,0.0,21.9
2025-08-07,Nairobi,4.2,21.7
2025-08-07,Nakuru,8.5,21.1
2025-08-07,Uasin Gishu,0.0,22.8
2025-08-08,Machakos,9.2,26.8
2025-08-08,Kitui,2.8,22.2
2025-08-08,Makueni,0.0,30.3
2025-08-08,Nairobi,4.7,24.0
2025-08-08,Nakuru,,21.3
2025-08-08,Uasin Gishu,2.0,24.8
2025-08-09,Machakos,0.0,20.0
2025-08-09,Kitui,3.6,28.7
2025-08-09,Makueni,5.3,22.9
2025-08-09,Nairobi,7.4,26.6
2025-08-09,Nakuru,2.3,24.3
2025-08-09,Uasin Gishu,3.7,18.6
2025-08-10,Machakos,4.8,19.8
2025-08-10,Kitui,8.5,27.2
2025-08-10,Makueni,6.2,21.5
2025-08-10,Nairobi,22.9,23.2
2025-08-10,Nakuru,7.1,29.0
2025-08-10,Uasin Gishu,4.7,24.6
2025-08-11,Machakos,7.9,22.8
2025-08-11,Kitui,0.0,23.2
2025-08-11,Makueni,,26.2
2025-08-11,Nairobi,0.0,28.0
2025-08-11,Nakuru,,26.3
2025-08-11,Uasin Gishu,0.0,22.2
2025-08-12,Machakos,12.4,25.1
2025-08-12,Kitui,7.8,26.8
2025-08-12,Makueni,0.0,21.6
2025-08-12,Nairobi,7.8,27.4
2025-08-12,Nakuru,2.3,24.7
2025-08-12,Uasin Gishu,2.9,23.8
2025-08-13,Machakos,9.9,23.5
2025-08-13,Kitui,2.3,29.3
2025-08-13,Makueni,7.7,23.5
2025-08-13,Nairobi,6.3,22.8
2025-08-13,Nakuru,0.0,22.7
2025-08-13,Uasin Gishu,0.0,20.7
2025-08-14,Machakos,0.5,24.5
2025-08-14,Kitui,5.0,27.6
2025-08-14,Makueni,18.9,23.3
2025-08-14,Nairobi,,19.7
2025-08-14,Nakuru,2.3,22.0
2025-08-14,Uasin Gishu,0.0,23.2
2025-08-15,Machakos,15.9,25.6
2025-08-15,Kitui,4.1,19.7
2025-08-15,Makueni,16.9,26.5
2025-08-15,Nairobi,0.0,27.6
2025-08-15,Nakuru,0.0,25.2
2025-08-15,Uasin Gishu,0.0,28.2
2025-08-16,Machakos,0.0,19.9
2025-08-16,Kitui,12.4,20.9
2025-08-16,Makueni,0.0,25.5
2025-08-16,Nairobi,0.0,25.5
2025-08-16,Nakuru,17.0,21.6
2025-08-16,Uasin Gishu,14.5,18.7
2025-08-17,Machakos,5.1,31.3
2025-08-17,Kitui,0.0,23.7
2025-08-17,Makueni,7.9,21.5
2025-08-17,Nairobi,0.0,21.0
2025-08-17,Nakuru,0.0,29.4
2025-08-17,Uasin Gishu,12.2,26.5
2025-08-18,Machakos,0.0,23.3
2025-08-18,Kitui,,23.2
2025-08-18,Makueni,0.0,24.1
2025-08-18,Nairobi,7.3,22.8
2025-08-18,Nakuru,2.7,27.0
2025-08-18,Uasin Gishu,0.0,25.4
2025-08-19,Machakos,10.5,23.3
2025-08-19,Kitui,,30.6
2025-08-19,Makueni,0.7,23.1
2025-08-19,Nairobi,0.0,24.4
2025-08-19,Nakuru,20.2,26.3
2025-08-19,Uasin Gishu,,23.7
2025-08-20,Machakos,1.5,19.9
2025-08-20,Kitui,10.1,18.9
2025-08-20,Makueni,4.2,18.4
2025-08-20,Nairobi,5.8,24.4
2025-08-20,Nakuru,0.0,25.5
2025-08-20,Uasin Gishu,19.4,20.9
2025-08-21,Machakos,0.0,24.7
2025-08-21,Kitui,,24.2
2025-08-21,Makueni,0.0,20.6
2025-08-21,Nairobi,16.3,24.8
2025-08-21,Nakuru,5.1,20.1
2025-08-21,Uasin Gishu,9.1,29.2
2025-08-22,Machakos,7.9,24.0
2025-08-22,Kitui,1.2,18.7
2025-08-22,Makueni,11.9,24.9
2025-08-22,Nairobi,0.8,23.8
2025-08-22,Nakuru,8.6,21.2
2025-08-22,Uasin Gishu,16.7,24.3
2025-08-23,Machakos,1.5,20.3
2025-08-23,Kitui,0.0,22.5
2025-08-23,Makueni,3.5,22.9
2025-08-23,Nairobi,6.9,31.8
2025-08-23,Nakuru,0.0,24.4
2025-08-23,Uasin Gishu,1.6,22.1
2025-08-24,Machakos,,24.3
2025-08-24,Kitui,5.5,26.9
2025-08-24,Makueni,5.6,21.7
2025-08-24,Nairobi,16.2,17.9
2025-08-24,Nakuru,7.0,27.4
2025-08-24,Uasin Gishu,11.9,20.8
2025-08-25,Machakos,0.0,26.1
2025-08-25,Kitui,0.0,23.0
2025-08-25,Makueni,0.0,29.8
2025-08-25,Nairobi,9.9,25.6
2025-08-25,Nakuru,8.6,20.3
2025-08-25,Uasin Gishu,,20.8
2025-08-26,Machakos,0.0,23.4
2025-08-26,Kitui,0.0,22.2
2025-08-26,Makueni,0.4,18.3
2025-08-26,Nairobi,5.5,19.2
2025-08-26,Nakuru,0.0,25.5
2025-08-26,Uasin Gishu,2.0,28.5
2025-08-27,Machakos,0.0,23.1
2025-08-27,Kitui,29.2,27.3
2025-08-27,Makueni,17.6,23.6
2025-08-27,Nairobi,0.0,21.5
2025-08-27,Nakuru,0.0,26.0
2025-08-27,Uasin Gishu,15.9,25.2
2025-08-28,Machakos,1.4,20.9
2025-08-28,Kitui,1.8,23.2
2025-08-28,Makueni,5.0,25.2
2025-08-28,Nairobi,0.0,20.7
2025-08-28,Nakuru,0.0,23.9
2025-08-28,Uasin Gishu,0.0,25.1
2025-08-29,Machakos,7.8,22.6
2025-08-29,Kitui,5.3,26.8
2025-08-29,Makueni,4.7,28.4
2025-08-29,Nairobi,15.5,21.5
2025-08-29,Nakuru,0.0,20.7
2025-08-29,Uasin Gishu,0.5,24.5
2025-08-30,Machakos,2.7,25.1
2025-08-30,Kitui,3.8,26.4
2025-08-30,Makueni,3.7,21.1
2025-08-30,Nairobi,0.0,30.4
2025-08-30,Nakuru,3.6,19.1
2025-08-30,Uasin Gishu,4.7,30.4
2025-08-31,Machakos,14.0,26.9
2025-08-31,Kitui,7.1,24.2
2025-08-31,Makueni,13.2,24.9
2025-08-31,Nairobi,4.9,21.4
2025-08-31,Nakuru,0.0,21.4
2025-08-31,Uasin Gishu,2.4,17.4
2025-09-01,Machakos,8.7,22.3
2025-09-01,Kitui,0.0,28.3
2025-09-01,Makueni,5.6,24.3
2025-09-01,Nairobi,0.0,30.0
2025-09-01,Nakuru,10.1,26.0
2025-09-01,Uasin Gishu,13.8,25.2
2025-09-02,Machakos,0.0,28.8
2025-09-02,Kitui,20.3,18.7
2025-09-02,Makueni,4.4,24.5
2025-09-02,Nairobi,6.1,25.0
2025-09-02,Nakuru,9.4,22.0
2025-09-02,Uasin Gishu,5.6,24.9
2025-09-03,Machakos,8.8,25.8
2025-09-03,Kitui,1.3,26.4
2025-09-03,Makueni,,26.4
2025-09-03,Nairobi,4.4,20.2
2025-09-03,Nakuru,2.9,18.9
2025-09-03,Uasin Gishu,7.1,21.7
2025-09-04,Machakos,5.8,18.9
2025-09-04,Kitui,0.0,22.7
2025-09-04,Makueni,6.1,18.1
2025-09-04,Nairobi,0.0,21.6
2025-09-04,Nakuru,5.0,22.2
2025-09-04,Uasin Gishu,0.0,23.4
2025-09-05,Machakos,10.7,22.6
2025-09-05,Kitui,6.3,20.5
2025-09-05,Makueni,10.4,26.6
2025-09-05,Nairobi,6.8,28.2
2025-09-05,Nakuru,14.5,20.9
2025-09-05,Uasin Gishu,5.9,23.8
2025-09-06,Machakos,0.0,23.7
2025-09-06,Kitui,0.0,22.8
2025-09-06,Makueni,8.0,24.5
2025-09-06,Nairobi,0.0,24.0
2025-09-06,Nakuru,6.1,21.1
2025-09-06,Uasin Gishu,10.5,27.0
2025-09-07,Machakos,1.2,25.5
2025-09-07,Kitui,0.0,25.8
2025-09-07,Makueni,12.1,27.5
2025-09-07,Nairobi,0.1,20.0
2025-09-07,Nakuru,0.0,23.2
2025-09-07,Uasin Gishu,2.0,23.0
2025-09-08,Machakos,4.9,21.1
2025-09-08,Kitui,0.0,22.4
2025-09-08,Makueni,4.6,27.0
2025-09-08,Nairobi,,27.8
2025-09-08,Nakuru,2.3,27.2
2025-09-08,Uasin Gishu,3.2,26.3
2025-09-09,Machakos,8.1,25.6
2025-09-09,Kitui,18.6,18.4
2025-09-09,Makueni,7.1,21.5
2025-09-09,Nairobi,0.5,22.4
2025-09-09,Nakuru,11.8,22.6
2025-09-09,Uasin Gishu,0.0,24.5
2025-09-10,Machakos,0.0,23.1
2025-09-10,Kitui,0.0,22.0
2025-09-10,Makueni,4.7,21.5
2025-09-10,Nairobi,22.3,20.8
2025-09-10,Nakuru,4.7,19.8
2025-09-10,Uasin Gishu,7.2,28.1
2025-09-11,Machakos,13.7,24.8
2025-09-11,Kitui,0.0,26.9
2025-09-11,Makueni,20.5,24.8
2025-09-11,Nairobi,8.7,27.9
2025-09-11,Nakuru,3.1,28.6
2025-09-11,Uasin Gishu,0.0,21.4
2025-09-12,Machakos,11.7,20.6
2025-09-12,Kitui,3.1,24.3
2025-09-12,Makueni,12.7,24.9
2025-09-12,Nairobi,0.1,26.3
2025-09-12,Nakuru,3.9,26.4
2025-09-12,Uasin Gishu,10.8,22.7
2025-09-13,Machakos,,23.1
2025-09-13,Kitui,0.9,25.0
2025-09-13,Makueni,0.0,25.2
2025-09-13,Nairobi,3.8,23.7
2025-09-13,Nakuru,12.8,27.8
2025-09-13,Uasin Gishu,1.3,24.0
2025-09-14,Machakos,0.0,25.0
2025-09-14,Kitui,7.3,21.6
2025-09-14,Makueni,0.0,25.6
2025-09-14,Nairobi,22.9,21.8
2025-09-14,Nakuru,0.0,25.9
2025-09-14,Uasin Gishu,3.0,20.8
2025-09-15,Machakos,4.7,22.5
2025-09-15,Kitui,0.0,20.2
2025-09-15,Makueni,4.3,24.5
2025-09-15,Nairobi,4.5,24.2
2025-09-15,Nakuru,0.0,21.9
2025-09-15,Uasin Gishu,11.2,23.6
2025-09-16,Machakos,13.5,21.5
2025-09-16,Kitui,1.1,25.5
2025-09-16,Makueni,6.3,25.0
2025-09-16,Nairobi,0.0,25.5
2025-09-16,Nakuru,0.0,22.2
2025-09-16,Uasin Gishu,0.0,25.2
2025-09-17,Machakos,0.0,28.0
2025-09-17,Kitui,9.2,24.3
2025-09-17,Makueni,3.4,24.4
2025-09-17,Nairobi,0.0,30.5
2025-09-17,Nakuru,0.0,25.7
2025-09-17,Uasin Gishu,12.1,16.6
2025-09-18,Machakos,0.0,23.1
2025-09-18,Kitui,4.1,21.6
2025-09-18,Makueni,0.0,19.7
2025-09-18,Nairobi,,25.0
2025-09-18,Nakuru,7.9,24.9
2025-09-18,Uasin Gishu,2.5,16.5
2025-09-19,Machakos,6.7,22.0
2025-09-19,Kitui,14.6,22.1
2025-09-19,Makueni,,29.2
2025-09-19,Nairobi,3.6,24.6
2025-09-19,Nakuru,3.4,23.3
2025-09-19,Uasin Gishu,6.9,28.9
2025-09-20,Machakos,18.1,24.6
2025-09-20,Kitui,0.0,24.6
2025-09-20,Makueni,0.0,23.6
2025-09-20,Nairobi,0.0,28.8
2025-09-20,Nakuru,0.0,15.7
2025-09-20,Uasin Gishu,0.3,21.9
2025-09-21,Machakos,,21.3
2025-09-21,Kitui,,19.9
2025-09-21,Makueni,0.0,24.0
2025-09-21,Nairobi,0.0,22.9
2025-09-21,Nakuru,5.6,17.1
2025-09-21,Uasin Gishu,0.0,26.1
2025-09-22,Machakos,0.0,19.0
2025-09-22,Kitui,0.0,28.8
2025-09-22,Makueni,0.0,22.3
2025-09-22,Nairobi,0.0,22.5
2025-09-22,Nakuru,1.5,27.0
2025-09-22,Uasin Gishu,3.9,21.3
2025-09-23,Machakos,,23.8
2025-09-23,Kitui,0.7,25.0
2025-09-23,Makueni,5.8,23.9
2025-09-23,Nairobi,17.8,27.2
2025-09-23,Nakuru,16.4,23.6
2025-09-23,Uasin Gishu,9.8,20.2
2025-09-24,Machakos,3.7,24.7
2025-09-24,Kitui,0.0,20.5
2025-09-24,Makueni,2.9,24.3
2025-09-24,Nairobi,0.0,31.4
2025-09-24,Nakuru,13.0,20.3
2025-09-24,Uasin Gishu,6.4,27.7
2025-09-25,Machakos,11.6,24.8
2025-09-25,Kitui,10.7,18.8
2025-09-25,Makueni,5.4,29.4
2025-09-25,Nairobi,0.0,19.9
2025-09-25,Nakuru,0.0,24.7
2025-09-25,Uasin Gishu,14.2,21.7
2025-09-26,Machakos,17.8,23.8
2025-09-26,Kitui,4.9,24.6
2025-09-26,Makueni,0.2,24.1
2025-09-26,Nairobi,0.5,17.7
2025-09-26,Nakuru,2.4,26.9
2025-09-26,Uasin Gishu,9.5,20.7
2025-09-27,Machakos,3.3,25.3
2025-09-27,Kitui,8.7,23.8
2025-09-27,Makueni,9.4,25.8
2025-09-27,Nairobi,18.8,26.0
2025-09-27,Nakuru,5.2,27.2
2025-09-27,Uasin Gishu,12.0,23.1
2025-09-28,Machakos,0.0,27.2
2025-09-28,Kitui,7.5,28.2
2025-09-28,Makueni,1.6,20.0
2025-09-28,Nairobi,9.8,26.1
2025-09-28,Nakuru,5.9,22.6
2025-09-28,Uasin Gishu,0.9,29.0
2025-09-29,Machakos,15.4,19.6
2025-09-29,Kitui,0.0,19.9
2025-09-29,Makueni,15.9,19.6
2025-09-29,Nairobi,0.0,27.1
2025-09-29,Nakuru,10.4,27.7
2025-09-29,Uasin Gishu,,21.5
2025-09-30,Machakos,7.8,27.4
2025-09-30,Kitui,9.3,24.3
2025-09-30,Makueni,8.4,29.0
2025-09-30,Nairobi,,26.8
2025-09-30,Nakuru,0.0,25.2
2025-09-30,Uasin Gishu,2.9,21.9
2025-10-01,Machakos,15.9,21.5
2025-10-01,Kitui,11.0,32.0
2025-10-01,Makueni,18.5,28.9
2025-10-01,Nairobi,10.4,23.9
2025-10-01,Nakuru,5.5,22.3
2025-10-01,Uasin Gishu,0.0,26.1
2025-10-02,Machakos,14.5,28.8
2025-10-02,Kitui,0.0,22.5
2025-10-02,Makueni,1.0,22.9
2025-10-02,Nairobi,0.0,19.1
2025-10-02,Nakuru,6.7,23.1
2025-10-02,Uasin Gishu,9.8,16.4
2025-10-03,Machakos,0.0,27.1
2025-10-03,Kitui,11.2,25.0
2025-10-03,Makueni,6.5,21.9
2025-10-03,Nairobi,0.0,22.3
2025-10-03,Nakuru,10.0,27.2
2025-10-03,Uasin Gishu,2.1,24.3
2025-10-04,Machakos,10.4,19.8
2025-10-04,Kitui,0.0,26.3
2025-10-04,Makueni,2.6,15.0
2025-10-04,Nairobi,6.5,18.3
2025-10-04,Nakuru,0.0,28.6
2025-10-04,Uasin Gishu,16.9,20.4
2025-10-05,Machakos,,27.1
2025-10-05,Kitui,6.6,21.4
2025-10-05,Makueni,0.0,23.0
2025-10-05,Nairobi,0.0,25.0
2025-10-05,Nakuru,2.7,25.9
2025-10-05,Uasin Gishu,1.1,25.6
2025-10-06,Machakos,6.9,24.8
2025-10-06,Kitui,,23.1
2025-10-06,Makueni,4.2,23.5
2025-10-06,Nairobi,8.0,17.7
2025-10-06,Nakuru,0.0,20.3
2025-10-06,Uasin Gishu,0.0,25.6
2025-10-07,Machakos,5.3,20.8
2025-10-07,Kitui,0.0,23.3
2025-10-07,Makueni,5.0,27.9
2025-10-07,Nairobi,7.5,28.0
2025-10-07,Nakuru,10.3,28.3
2025-10-07,Uasin Gishu,0.0,29.6
2025-10-08,Machakos,2.5,23.4
2025-10-08,Kitui,0.0,22.0
2025-10-08,Makueni,0.0,17.4
2025-10-08,Nairobi,6.3,25.5
2025-10-08,Nakuru,13.3,16.7
2025-10-08,Uasin Gishu,1.2,22.5
2025-10-09,Machakos,10.7,26.0
2025-10-09,Kitui,2.5,21.2
2025-10-09,Makueni,0.0,20.7
2025-10-09,Nairobi,0.0,22.7
2025-10-09,Nakuru,0.0,22.4
2025-10-09,Uasin Gishu,2.2,21.8
2025-10-10,Machakos,5.0,25.3
2025-10-10,Kitui,0.0,17.2
2025-10-10,Makueni,1.9,25.2
2025-10-10,Nairobi,6.3,26.2
2025-10-10,Nakuru,0.0,18.9
2025-10-10,Uasin Gishu,13.7,22.4
2025-10-11,Machakos,11.1,22.8
2025-10-11,Kitui,0.0,24.7
2025-10-11,Makueni,0.0,24.9
2025-10-11,Nairobi,0.0,24.2
2025-10-11,Nakuru,7.0,24.0
2025-10-11,Uasin Gishu,0.0,28.4
2025-10-12,Machakos,10.8,20.8
2025-10-12,Kitui,1.5,24.4
2025-10-12,Makueni,12.4,30.0
2025-10-12,Nairobi,8.9,20.2
2025-10-12,Nakuru,2.1,30.5
2025-10-12,Uasin Gishu,10.4,23.9
2025-10-13,Machakos,9.3,27.8
2025-10-13,Kitui,0.0,23.4
2025-10-13,Makueni,11.5,24.6
2025-10-13,Nairobi,6.4,22.4
2025-10-13,Nakuru,11.8,23.5
2025-10-13,Uasin Gishu,13.3,26.2
2025-10-14,Machakos,11.5,22.0
2025-10-14,Kitui,9.5,29.1
2025-10-14,Makueni,2.8,26.6
2025-10-14,Nairobi,,22.1
2025-10-14,Nakuru,0.0,29.7
2025-10-14,Uasin Gishu,3.8,20.1
2025-10-15,Machakos,9.8,20.5
2025-10-15,Kitui,0.0,25.4
2025-10-15,Makueni,11.9,29.5
2025-10-15,Nairobi,3.9,31.3
2025-10-15,Nakuru,,22.5
2025-10-15,Uasin Gishu,0.0,19.1
2025-10-16,Machakos,0.0,19.5
2025-10-16,Kitui,,26.1
2025-10-16,Makueni,0.0,22.0
2025-10-16,Nairobi,0.0,24.5
2025-10-16,Nakuru,10.7,17.9
2025-10-16,Uasin Gishu,4.5,24.2
2025-10-17,Machakos,22.2,21.1
2025-10-17,Kitui,4.4,26.7
2025-10-17,Makueni,,23.4
2025-10-17,Nairobi,10.2,24.4
2025-10-17,Nakuru,6.1,25.2
2025-10-17,Uasin Gishu,0.7,16.2
2025-10-18,Machakos,0.0,25.3
2025-10-18,Kitui,0.0,23.5
2025-10-18,Makueni,1.8,23.4
2025-10-18,Nairobi,0.0,23.7
2025-10-18,Nakuru,5.4,23.7
2025-10-18,Uasin Gishu,0.0,20.2
2025-10-19,Machakos,0.0,20.9
2025-10-19,Kitui,4.3,24.1
2025-10-19,Makueni,11.0,26.4
2025-10-19,Nairobi,19.0,21.2
2025-10-19,Nakuru,,24.3
2025-10-19,Uasin Gishu,15.9,28.3
2025-10-20,Machakos,6.0,17.4
2025-10-20,Kitui,9.1,22.3
2025-10-20,Makueni,0.0,22.7
2025-10-20,Nairobi,1.9,24.5
2025-10-20,Nakuru,0.0,26.6
2025-10-20,Uasin Gishu,11.8,22.4
2025-10-21,Machakos,0.0,25.5
2025-10-21,Kitui,5.1,23.7
2025-10-21,Makueni,7.2,25.0
2025-10-21,Nairobi,13.3,19.2
2025-10-21,Nakuru,7.7,24.7
2025-10-21,Uasin Gishu,0.0,26.6
2025-10-22,Machakos,18.1,21.2
2025-10-22,Kitui,0.0,28.7
2025-10-22,Makueni,4.2,22.8
2025-10-22,Nairobi,4.5,24.3
2025-10-22,Nakuru,5.8,25.6
2025-10-22,Uasin Gishu,6.5,25.3
2025-10-23,Machakos,9.2,24.8
2025-10-23,Kitui,2.5,24.5
2025-10-23,Makueni,1.2,22.1
2025-10-23,Nairobi,14.0,18.7
2025-10-23,Nakuru,0.0,25.2
2025-10-23,Uasin Gishu,0.0,21.0
2025-10-24,Machakos,2.9,27.5
2025-10-24,Kitui,12.8,21.5
2025-10-24,Makueni,1.6,28.4
2025-10-24,Nairobi,0.0,18.6
2025-10-24,Nakuru,5.2,21.7
2025-10-24,Uasin Gishu,13.3,25.8
2025-10-25,Machakos,8.6,23.9
2025-10-25,Kitui,15.2,25.7
2025-10-25,Makueni,7.6,24.3
2025-10-25,Nairobi,,22.5
2025-10-25,Nakuru,6.9,24.4
2025-10-25,Uasin Gishu,6.0,23.2
2025-10-26,Machakos,9.0,18.4
2025-10-26,Kitui,0.0,23.5
2025-10-26,Makueni,17.1,20.4
2025-10-26,Nairobi,19.5,24.1
2025-10-26,Nakuru,14.0,24.9
2025-10-26,Uasin Gishu,17.6,23.1
2025-10-27,Machakos,0.0,23.6
2025-10-27,Kitui,6.2,20.5
2025-10-27,Makueni,0.0,22.7
2025-10-27,Nairobi,18.7,28.1
2025-10-27,Nakuru,7.4,24.6
2025-10-27,Uasin Gishu,15.2,20.6
2025-10-28,Machakos,0.0,23.5
2025-10-28,Kitui,6.8,18.6
2025-10-28,Makueni,3.1,25.3
2025-10-28,Nairobi,10.0,26.4
2025-10-28,Nakuru,0.0,23.6
2025-10-28,Uasin Gishu,0.0,18.4
2025-10-29,Machakos,3.7,24.9
2025-10-29,Kitui,0.0,25.2
2025-10-29,Makueni,2.1,30.7
2025-10-29,Nairobi,4.1,22.3
2025-10-29,Nakuru,4.8,22.9
2025-10-29,Uasin Gishu,7.9,21.6
2025-10-30,Machakos,6.7,23.1
2025-10-30,Kitui,0.0,21.1
2025-10-30,Makueni,18.7,29.0
2025-10-30,Nairobi,0.0,22.4
2025-10-30,Nakuru,5.0,21.2
2025-10-30,Uasin Gishu,0.7,23.5
2025-10-31,Machakos,6.3,26.3
2025-10-31,Kitui,7.1,25.1
2025-10-31,Makueni,6.1,24.1
2025-10-31,Nairobi,3.0,25.1
2025-10-31,Nakuru,0.0,16.4
2025-10-31,Uasin Gishu,2.3,27.0
2025-11-01,Machakos,9.0,24.5
2025-11-01,Kitui,0.7,26.3
2025-11-01,Makueni,2.2,22.0
2025-11-01,Nairobi,0.3,24.7
2025-11-01,Nakuru,5.7,23.0
2025-11-01,Uasin Gishu,9.0,24.1
2025-11-02,Machakos,0.3,26.7
2025-11-02,Kitui,0.0,21.5
2025-11-02,Makueni,0.0,26.3
2025-11-02,Nairobi,4.4,20.9
2025-11-02,Nakuru,0.0,27.9
2025-11-02,Uasin Gishu,0.0,17.0
2025-11-03,Machakos,7.9,21.9
2025-11-03,Kitui,11.8,21.1
2025-11-03,Makueni,0.1,23.1
2025-11-03,Nairobi,0.0,19.5
2025-11-03,Nakuru,,24.2
2025-11-03,Uasin Gishu,0.0,24.4
2025-11-04,Machakos,0.0,31.1
2025-11-04,Kitui,1.1,25.0
2025-11-04,Makueni,12.5,21.2
2025-11-04,Nairobi,6.5,24.9
2025-11-04,Nakuru,11.9,26.1
2025-11-04,Uasin Gishu,6.2,24.1
2025-11-05,Machakos,1.8,23.6
2025-11-05,Kitui,,16.3
2025-11-05,Makueni,15.9,25.9
2025-11-05,Nairobi,2.1,13.9
2025-11-05,Nakuru,3.3,20.3
2025-11-05,Uasin Gishu,13.2,21.5
2025-11-06,Machakos,0.4,26.0
2025-11-06,Kitui,0.0,25.1
2025-11-06,Makueni,5.2,21.6
2025-11-06,Nairobi,16.2,22.8
2025-11-06,Nakuru,3.3,23.8
2025-11-06,Uasin Gishu,14.7,23.8
2025-11-07,Machakos,10.3,20.2
2025-11-07,Kitui,0.0,19.6
2025-11-07,Makueni,2.0,15.6
2025-11-07,Nairobi,0.0,19.8
2025-11-07,Nakuru,2.8,26.1
2025-11-07,Uasin Gishu,16.8,26.9
2025-11-08,Machakos,6.4,26.2
2025-11-08,Kitui,9.2,28.5
2025-11-08,Makueni,0.0,25.3
2025-11-08,Nairobi,0.0,27.2
2025-11-08,Nakuru,7.1,25.6
2025-11-08,Uasin Gishu,0.0,28.0
2025-11-09,Machakos,0.0,18.3
2025-11-09,Kitui,13.3,19.6
2025-11-09,Makueni,9.1,20.9
2025-11-09,Nairobi,20.4,19.6
2025-11-09,Nakuru,0.0,28.5
2025-11-09,Uasin Gishu,5.7,23.0
2025-11-10,Machakos,4.5,28.6
2025-11-10,Kitui,11.4,26.2
2025-11-10,Makueni,13.8,27.0
2025-11-10,Nairobi,11.1,27.0
2025-11-10,Nakuru,12.6,25.2
2025-11-10,Uasin Gishu,14.1,26.5
2025-11-11,Machakos,11.7,24.6
2025-11-11,Kitui,0.0,21.0
2025-11-11,Makueni,9.8,20.8
2025-11-11,Nairobi,5.8,25.7
2025-11-11,Nakuru,0.0,23.9
2025-11-11,Uasin Gishu,5.0,18.0
2025-11-12,Machakos,0.0,28.9
2025-11-12,Kitui,0.0,28.8
2025-11-12,Makueni,0.0,20.1
2025-11-12,Nairobi,0.0,23.5
2025-11-12,Nakuru,0.0,30.2
2025-11-12,Uasin Gishu,3.2,26.4
2025-11-13,Machakos,5.7,22.6
2025-11-13,Kitui,5.3,26.2
2025-11-13,Makueni,0.0,19.1
2025-11-13,Nairobi,14.8,19.6
2025-11-13,Nakuru,8.1,22.4
2025-11-13,Uasin Gishu,12.0,19.3
2025-11-14,Machakos,13.8,18.7
2025-11-14,Kitui,2.5,23.0
2025-11-14,Makueni,0.5,23.8
2025-11-14,Nairobi,7.4,25.0
2025-11-14,Nakuru,12.8,26.5
2025-11-14,Uasin Gishu,0.0,23.9
2025-11-15,Machakos,0.0,26.6
2025-11-15,Kitui,0.0,26.0
2025-11-15,Makueni,8.1,21.4
2025-11-15,Nairobi,9.7,27.4
2025-11-15,Nakuru,0.5,22.5
2025-11-15,Uasin Gishu,0.0,20.9
2025-11-16,Machakos,9.9,21.6
2025-11-16,Kitui,0.0,22.1
2025-11-16,Makueni,5.5,23.1
2025-11-16,Nairobi,9.5,23.5
2025-11-16,Nakuru,5.5,21.9
2025-11-16,Uasin Gishu,6.9,22.4
2025-11-17,Machakos,14.9,27.6
2025-11-17,Kitui,10.2,20.6
2025-11-17,Makueni,0.0,26.0
2025-11-17,Nairobi,11.2,21.2
2025-11-17,Nakuru,0.0,21.1
2025-11-17,Uasin Gishu,2.3,24.7
2025-11-18,Machakos,14.7,25.6
2025-11-18,Kitui,0.0,17.2
2025-11-18,Makueni,7.0,15.4
2025-11-18,Nairobi,6.0,20.8
2025-11-18,Nakuru,9.9,20.9
2025-11-18,Uasin Gishu,6.9,24.0
2025-11-19,Machakos,10.5,23.7
2025-11-19,Kitui,0.0,27.2
2025-11-19,Makueni,0.0,24.0
2025-11-19,Nairobi,0.0,20.3
2025-11-19,Nakuru,16.3,23.5
2025-11-19,Uasin Gishu,16.3,31.8
2025-11-20,Machakos,4.7,28.5
2025-11-20,Kitui,15.2,23.0
2025-11-20,Makueni,7.6,22.7
2025-11-20,Nairobi,0.0,23.7
2025-11-20,Nakuru,13.6,23.4
2025-11-20,Uasin Gishu,0.5,29.1
2025-11-21,Machakos,0.0,29.9
2025-11-21,Kitui,0.0,21.5
2025-11-21,Makueni,7.2,26.8
2025-11-21,Nairobi,7.4,20.7
2025-11-21,Nakuru,14.3,24.9
2025-11-21,Uasin Gishu,0.7,30.3
2025-11-22,Machakos,7.7,27.5
2025-11-22,Kitui,8.8,21.9
2025-11-22,Makueni,,21.8
2025-11-22,Nairobi,1.3,21.5
2025-11-22,Nakuru,0.0,22.2
2025-11-22,Uasin Gishu,3.9,25.0
2025-11-23,Machakos,0.8,27.1
2025-11-23,Kitui,0.0,18.8
2025-11-23,Makueni,0.0,24.7
2025-11-23,Nairobi,4.1,24.5
2025-11-23,Nakuru,16.1,15.6
2025-11-23,Uasin Gishu,9.8,25.0
2025-11-24,Machakos,0.0,22.7
2025-11-24,Kitui,2.1,24.8
2025-11-24,Makueni,10.8,25.7
2025-11-24,Nairobi,10.0,24.3
2025-11-24,Nakuru,13.9,25.4
2025-11-24,Uasin Gishu,10.2,25.8
2025-11-25,Machakos,12.5,19.8
2025-11-25,Kitui,1.4,28.9
2025-11-25,Makueni,0.0,22.6
2025-11-25,Nairobi,5.1,21.3
2025-11-25,Nakuru,16.9,22.5
2025-11-25,Uasin Gishu,0.0,21.0
2025-11-26,Machakos,0.0,19.6
2025-11-26,Kitui,0.0,24.1
2025-11-26,Makueni,9.5,23.4
2025-11-26,Nairobi,11.1,26.5
2025-11-26,Nakuru,3.3,26.5
2025-11-26,Uasin Gishu,0.0,21.4
2025-11-27,Machakos,3.5,17.0
2025-11-27,Kitui,1.9,30.7
2025-11-27,Makueni,,20.4
2025-11-27,Nairobi,18.3,23.1
2025-11-27,Nakuru,1.9,23.2
2025-11-27,Uasin Gishu,,25.7
2025-11-28,Machakos,4.8,21.1
2025-11-28,Kitui,0.0,23.4
2025-11-28,Makueni,0.0,17.3
2025-11-28,Nairobi,14.6,22.5
2025-11-28,Nakuru,4.4,15.1
2025-11-28,Uasin Gishu,9.0,24.4
2025-11-29,Machakos,10.7,23.4
2025-11-29,Kitui,2.5,26.4
2025-11-29,Makueni,0.8,25.2
2025-11-29,Nairobi,,24.7
2025-11-29,Nakuru,0.0,23.2
2025-11-29,Uasin Gishu,0.0,21.8
2025-11-30,Machakos,6.2,24.3
2025-11-30,Kitui,0.0,21.3
2025-11-30,Makueni,3.6,22.3
2025-11-30,Nairobi,5.9,25.4
2025-11-30,Nakuru,0.0,18.3
2025-11-30,Uasin Gishu,5.6,24.1
2025-12-01,Machakos,10.5,25.6
2025-12-01,Kitui,3.1,22.2
2025-12-01,Makueni,8.4,30.7
2025-12-01,Nairobi,,22.8
2025-12-01,Nakuru,0.0,22.6
2025-12-01,Uasin Gishu,0.0,29.4
2025-12-02,Machakos,2.8,19.7
2025-12-02,Kitui,4.2,22.9
2025-12-02,Makueni,2.4,23.0
2025-12-02,Nairobi,12.4,27.7
2025-12-02,Nakuru,10.4,18.8
2025-12-02,Uasin Gishu,7.0,20.9
2025-12-03,Machakos,7.5,22.0
2025-12-03,Kitui,0.0,29.4
2025-12-03,Makueni,12.3,26.3
2025-12-03,Nairobi,13.4,22.4
2025-12-03,Nakuru,0.0,23.6
2025-12-03,Uasin Gishu,4.9,24.3
2025-12-04,Machakos,0.1,20.2
2025-12-04,Kitui,9.6,17.9
2025-12-04,Makueni,0.0,29.5
2025-12-04,Nairobi,5.8,27.7
2025-12-04,Nakuru,1.4,23.7
2025-12-04,Uasin Gishu,8.1,20.7
2025-12-05,Machakos,0.0,23.8
2025-12-05,Kitui,0.0,24.0
2025-12-05,Makueni,9.9,23.8
2025-12-05,Nairobi,0.0,23.3
2025-12-05,Nakuru,10.7,20.5
2025-12-05,Uasin Gishu,0.0,26.3
2025-12-06,Machakos,1.4,15.1
2025-12-06,Kitui,8.9,14.0
2025-12-06,Makueni,4.1,27.8
2025-12-06,Nairobi,12.2,25.4
2025-12-06,Nakuru,0.0,24.8
2025-12-06,Uasin Gishu,17.2,25.5
2025-12-07,Machakos,3.4,25.4
2025-12-07,Kitui,0.0,23.0
2025-12-07,Makueni,8.3,25.3
2025-12-07,Nairobi,3.8,21.4
2025-12-07,Nakuru,3.8,23.4
2025-12-07,Uasin Gishu,17.6,20.8
2025-12-08,Machakos,0.0,22.9
2025-12-08,Kitui,5.4,27.0
2025-12-08,Makueni,13.3,22.3
2025-12-08,Nairobi,0.0,27.3
2025-12-08,Nakuru,0.0,25.8
2025-12-08,Uasin Gishu,0.0,25.9
2025-12-09,Machakos,,21.6
2025-12-09,Kitui,0.0,21.0
2025-12-09,Makueni,15.1,22.5
2025-12-09,Nairobi,0.0,23.7
2025-12-09,Nakuru,11.9,22.2
2025-12-09,Uasin Gishu,9.7,28.1
2025-12-10,Machakos,,22.6
2025-12-10,Kitui,9.1,24.0
2025-12-10,Makueni,0.0,18.0
2025-12-10,Nairobi,9.9,27.7
2025-12-10,Nakuru,5.8,23.4
2025-12-10,Uasin Gishu,5.8,29.3
2025-12-11,Machakos,15.5,23.1
2025-12-11,Kitui,10.5,25.9
2025-12-11,Makueni,8.1,29.3
2025-12-11,Nairobi,2.5,22.1
2025-12-11,Nakuru,0.0,21.9
2025-12-11,Uasin Gishu,0.0,25.1
2025-12-12,Machakos,3.0,26.5
2025-12-12,Kitui,3.1,20.6
2025-12-12,Makueni,0.0,21.0
2025-12-12,Nairobi,4.7,23.2
2025-12-12,Nakuru,0.0,21.1
2025-12-12,Uasin Gishu,6.6,26.1
2025-12-13,Machakos,18.6,18.0
2025-12-13,Kitui,3.2,24.6
2025-12-13,Makueni,0.0,18.8
2025-12-13,Nairobi,8.4,19.9
2025-12-13,Nakuru,0.0,19.0
2025-12-13,Uasin Gishu,9.6,22.8
2025-12-14,Machakos,4.9,23.7
2025-12-14,Kitui,0.0,26.8
2025-12-14,Makueni,6.3,23.7
2025-12-14,Nairobi,0.0,18.8
2025-12-14,Nakuru,0.0,23.6
2025-12-14,Uasin Gishu,0.4,28.5
2025-12-15,Machakos,3.4,20.7
2025-12-15,Kitui,1.1,25.8
2025-12-15,Makueni,0.0,27.6
2025-12-15,Nairobi,23.7,23.9
2025-12-15,Nakuru,,23.4
2025-12-15,Uasin Gishu,3.0,17.7
2025-12-16,Machakos,6.4,25.5
2025-12-16,Kitui,3.4,21.8
2025-12-16,Makueni,,28.9
2025-12-16,Nairobi,0.0,24.4
2025-12-16,Nakuru,0.0,16.8
2025-12-16,Uasin Gishu,7.8,25.7
2025-12-17,Machakos,1.8,21.6
2025-12-17,Kitui,20.5,21.1
2025-12-17,Makueni,2.5,19.7
2025-12-17,Nairobi,2.4,25.0
2025-12-17,Nakuru,0.0,24.3
2025-12-17,Uasin Gishu,2.3,19.9
2025-12-18,Machakos,,24.3
2025-12-18,Kitui,3.3,22.0
2025-12-18,Makueni,6.1,25.4
2025-12-18,Nairobi,1.0,30.9
2025-12-18,Nakuru,0.0,21.9
2025-12-18,Uasin Gishu,8.5,23.9
2025-12-19,Machakos,15.1,23.8
2025-12-19,Kitui,6.0,18.5
2025-12-19,Makueni,,23.8
2025-12-19,Nairobi,15.6,23.4
2025-12-19,Nakuru,3.6,24.5
2025-12-19,Uasin Gishu,1.9,17.6
2025-12-20,Machakos,0.0,21.3
2025-12-20,Kitui,3.2,21.4
2025-12-20,Makueni,0.0,28.1
2025-12-20,Nairobi,7.0,23.6
2025-12-20,Nakuru,15.8,23.4
2025-12-20,Uasin Gishu,2.2,24.2
2025-12-21,Machakos,6.1,23.0
2025-12-21,Kitui,4.8,23.4
2025-12-21,Makueni,18.3,25.0
2025-12-21,Nairobi,0.0,25.7
2025-12-21,Nakuru,5.6,21.1
2025-12-21,Uasin Gishu,7.5,22.5
2025-12-22,Machakos,0.0,27.6
2025-12-22,Kitui,0.0,17.9
2025-12-22,Makueni,0.0,18.6
2025-12-22,Nairobi,9.4,25.5
2025-12-22,Nakuru,0.2,27.7
2025-12-22,Uasin Gishu,0.0,23.7
2025-12-23,Machakos,0.0,22.2
2025-12-23,Kitui,4.6,25.8
2025-12-23,Makueni,0.0,23.5
2025-12-23,Nairobi,2.0,23.2
2025-12-23,Nakuru,0.0,21.0
2025-12-23,Uasin Gishu,0.9,26.7
2025-12-24,Machakos,0.0,21.7
2025-12-24,Kitui,0.0,27.7
2025-12-24,Makueni,9.7,20.2
2025-12-24,Nairobi,21.2,18.1
2025-12-24,Nakuru,8.6,21.9
2025-12-24,Uasin Gishu,0.0,29.9
2025-12-25,Machakos,0.0,23.9
2025-12-25,Kitui,16.2,21.4
2025-12-25,Makueni,0.0,26.6
2025-12-25,Nairobi,8.3,27.7
2025-12-25,Nakuru,0.0,20.6
2025-12-25,Uasin Gishu,13.3,20.6
2025-12-26,Machakos,0.0,20.9
2025-12-26,Kitui,6.3,15.7
2025-12-26,Makueni,0.0,25.4
2025-12-26,Nairobi,0.0,20.2
2025-12-26,Nakuru,0.0,27.4
2025-12-26,Uasin Gishu,5.9,24.9
2025-12-27,Machakos,,25.1
2025-12-27,Kitui,8.4,21.2
2025-12-27,Makueni,2.6,23.3
2025-12-27,Nairobi,2.6,27.0
2025-12-27,Nakuru,0.0,26.3
2025-12-27,Uasin Gishu,2.1,24.5
2025-12-28,Machakos,6.2,20.1
2025-12-28,Kitui,0.0,21.9
2025-12-28,Makueni,11.2,23.2
2025-12-28,Nairobi,0.0,21.8
2025-12-28,Nakuru,,21.6
2025-12-28,Uasin Gishu,0.0,25.0
2025-12-29,Machakos,0.0,22.2
2025-12-29,Kitui,1.6,22.2
2025-12-29,Makueni,6.5,25.0
2025-12-29,Nairobi,7.6,28.8
2025-12-29,Nakuru,10.9,27.2
2025-12-29,Uasin Gishu,15.8,26.7
2025-12-30,Machakos,0.9,26.1
2025-12-30,Kitui,0.0,27.8
2025-12-30,Makueni,18.4,21.1
2025-12-30,Nairobi,0.0,19.4
2025-12-30,Nakuru,10.8,29.4
2025-12-30,Uasin Gishu,7.0,24.1
2025-12-31,Machakos,2.1,22.2
2025-12-31,Kitui,19.2,32.1
2025-12-31,Makueni,0.0,20.9
2025-12-31,Nairobi,20.7,29.3
2025-12-31,Nakuru,11.5,26.4
2025-12-31,Uasin Gishu,,26.4
2026-01-01,Machakos,1.6,19.5
2026-01-01,Kitui,0.0,22.7
2026-01-01,Makueni,,21.9
2026-01-01,Nairobi,3.2,23.2
2026-01-01,Nakuru,0.0,21.4
2026-01-01,Uasin Gishu,0.9,23.2
2026-01-02,Machakos,,24.5
2026-01-02,Kitui,16.0,25.3
2026-01-02,Makueni,5.7,23.1
2026-01-02,Nairobi,15.3,27.2
2026-01-02,Nakuru,35.0,25.2
2026-01-02,Uasin Gishu,0.0,19.2
2026-01-03,Machakos,8.5,24.7
2026-01-03,Kitui,1.2,20.1
2026-01-03,Makueni,8.8,17.7
2026-01-03,Nairobi,5.8,26.1
2026-01-03,Nakuru,0.0,23.5
2026-01-03,Uasin Gishu,4.0,22.8
2026-01-04,Machakos,0.0,20.0
2026-01-04,Kitui,7.9,25.7
2026-01-04,Makueni,0.0,20.3
2026-01-04,Nairobi,0.0,17.3
2026-01-04,Nakuru,0.0,28.1
2026-01-04,Uasin Gishu,11.8,23.3
2026-01-05,Machakos,6.2,17.4
2026-01-05,Kitui,0.0,27.7
2026-01-05,Makueni,,22.9
2026-01-05,Nairobi,1.3,24.7
2026-01-05,Nakuru,0.0,26.2
2026-01-05,Uasin Gishu,0.0,18.4
2026-01-06,Machakos,0.0,29.0
2026-01-06,Kitui,1.5,20.0
2026-01-06,Makueni,,21.5
2026-01-06,Nairobi,5.3,25.4
2026-01-06,Nakuru,3.3,16.3
2026-01-06,Uasin Gishu,8.1,23.7
2026-01-07,Machakos,0.0,21.1
2026-01-07,Kitui,0.0,21.2
2026-01-07,Makueni,3.6,23.7
2026-01-07,Nairobi,8.7,22.3
2026-01-07,Nakuru,4.8,25.9
2026-01-07,Uasin Gishu,13.5,24.3
2026-01-08,Machakos,0.0,25.0
2026-01-08,Kitui,2.2,21.2
2026-01-08,Makueni,3.2,26.3
2026-01-08,Nairobi,0.0,23.2
2026-01-08,Nakuru,0.1,20.9
2026-01-08,Uasin Gishu,12.3,22.9
2026-01-09,Machakos,0.0,28.4
2026-01-09,Kitui,1.3,26.0
2026-01-09,Makueni,3.7,25.4
2026-01-09,Nairobi,0.0,23.9
2026-01-09,Nakuru,0.0,25.9
2026-01-09,Uasin Gishu,8.4,20.8
2026-01-10,Machakos,10.1,21.3
2026-01-10,Kitui,0.0,23.9
2026-01-10,Makueni,7.8,27.8
2026-01-10,Nairobi,15.3,24.8
2026-01-10,Nakuru,0.0,23.6
2026-01-10,Uasin Gishu,0.5,24.4
2026-01-11,Machakos,2.8,21.7
2026-01-11,Kitui,6.2,29.6
2026-01-11,Makueni,15.2,27.9
2026-01-11,Nairobi,17.2,18.7
2026-01-11,Nakuru,1.4,28.5
2026-01-11,Uasin Gishu,,21.1
2026-01-12,Machakos,5.1,20.6
2026-01-12,Kitui,6.1,19.8
2026-01-12,Makueni,10.2,17.7
2026-01-12,Nairobi,2.0,25.1
2026-01-12,Nakuru,3.8,22.3
2026-01-12,Uasin Gishu,4.8,24.2
2026-01-13,Machakos,7.4,31.2
2026-01-13,Kitui,0.0,16.1
2026-01-13,Makueni,4.7,25.7
2026-01-13,Nairobi,4.0,27.1
2026-01-13,Nakuru,0.0,30.1
2026-01-13,Uasin Gishu,4.3,22.8
2026-01-14,Machakos,10.7,29.6
2026-01-14,Kitui,0.0,23.0
2026-01-14,Makueni,18.5,21.0
2026-01-14,Nairobi,0.0,24.7
2026-01-14,Nakuru,1.9,29.0
2026-01-14,Uasin Gishu,4.7,20.5
2026-01-15,Machakos,20.6,29.3
2026-01-15,Kitui,0.0,26.2
2026-01-15,Makueni,18.8,27.7
2026-01-15,Nairobi,9.7,22.1
2026-01-15,Nakuru,7.3,20.4
2026-01-15,Uasin Gishu,0.1,19.4
2026-01-16,Machakos,0.0,19.5
2026-01-16,Kitui,0.0,27.0
2026-01-16,Makueni,0.0,30.2
2026-01-16,Nairobi,0.0,22.0
2026-01-16,Nakuru,21.6,30.7
2026-01-16,Uasin Gishu,14.4,20.7
2026-01-17,Machakos,2.6,24.9
2026-01-17,Kitui,7.3,27.0
2026-01-17,Makueni,4.7,20.5
2026-01-17,Nairobi,19.1,19.5
2026-01-17,Nakuru,5.8,23.4
2026-01-17,Uasin Gishu,0.4,22.1
2026-01-18,Machakos,3.3,21.4
2026-01-18,Kitui,16.0,22.2
2026-01-18,Makueni,0.0,21.3
2026-01-18,Nairobi,4.6,21.2
2026-01-18,Nakuru,2.4,21.4
2026-01-18,Uasin Gishu,8.9,17.3
2026-01-19,Machakos,14.2,22.3
2026-01-19,Kitui,4.4,31.2
2026-01-19,Makueni,6.6,29.0
2026-01-19,Nairobi,12.0,25.4
2026-01-19,Nakuru,10.8,24.5
2026-01-19,Uasin Gishu,,18.8
2026-01-20,Machakos,4.8,28.8
2026-01-20,Kitui,5.2,23.1
2026-01-20,Makueni,20.1,20.8
2026-01-20,Nairobi,0.0,20.8
2026-01-20,Nakuru,6.0,25.4
2026-01-20,Uasin Gishu,19.6,22.6
2026-01-21,Machakos,0.0,24.6
2026-01-21,Kitui,8.6,19.8
2026-01-21,Makueni,9.6,25.4
2026-01-21,Nairobi,0.0,28.6
2026-01-21,Nakuru,11.9,30.1
2026-01-21,Uasin Gishu,0.0,21.3
2026-01-22,Machakos,10.9,29.6
2026-01-22,Kitui,0.0,26.0
2026-01-22,Makueni,17.9,22.3
2026-01-22,Nairobi,0.3,20.4
2026-01-22,Nakuru,10.3,27.4
2026-01-22,Uasin Gishu,4.5,22.0
2026-01-23,Machakos,7.8,27.2
2026-01-23,Kitui,5.7,24.1
2026-01-23,Makueni,6.3,20.2
2026-01-23,Nairobi,9.5,30.2
2026-01-23,Nakuru,0.0,25.5
2026-01-23,Uasin Gishu,13.2,25.3
2026-01-24,Machakos,10.4,22.5
2026-01-24,Kitui,,21.8
2026-01-24,Makueni,0.0,22.9
2026-01-24,Nairobi,9.2,21.7
2026-01-24,Nakuru,3.0,24.6
2026-01-24,Uasin Gishu,0.0,26.8
2026-01-25,Machakos,15.0,24.0
2026-01-25,Kitui,26.2,24.6
2026-01-25,Makueni,4.9,23.2
2026-01-25,Nairobi,10.4,25.7
2026-01-25,Nakuru,0.0,21.6
2026-01-25,Uasin Gishu,0.0,25.7
2026-01-26,Machakos,0.0,22.9
2026-01-26,Kitui,0.0,22.6
2026-01-26,Makueni,0.0,23.9
2026-01-26,Nairobi,7.5,21.8
2026-01-26,Nakuru,11.1,21.4
2026-01-26,Uasin Gishu,0.9,19.9
2026-01-27,Machakos,4.2,22.5
2026-01-27,Kitui,10.4,28.1
2026-01-27,Makueni,0.0,25.5
2026-01-27,Nairobi,0.0,24.0
2026-01-27,Nakuru,0.0,28.2
2026-01-27,Uasin Gishu,0.9,24.6
2026-01-28,Machakos,17.1,22.1
2026-01-28,Kitui,0.0,23.9
2026-01-28,Makueni,0.0,20.8
2026-01-28,Nairobi,7.2,22.4
2026-01-28,Nakuru,4.1,24.7
2026-01-28,Uasin Gishu,,25.3
2026-01-29,Machakos,0.0,23.8
2026-01-29,Kitui,5.8,24.4
2026-01-29,Makueni,1.8,24.6
2026-01-29,Nairobi,5.8,28.1
2026-01-29,Nakuru,0.0,23.3
2026-01-29,Uasin Gishu,0.0,25.4
2026-01-30,Machakos,3.3,27.0
2026-01-30,Kitui,0.0,23.9
2026-01-30,Makueni,6.2,23.4
2026-01-30,Nairobi,7.7,30.1
2026-01-30,Nakuru,,22.1
2026-01-30,Uasin Gishu,19.5,20.4
2026-01-31,Machakos,0.0,27.6
2026-01-31,Kitui,5.8,21.4
2026-01-31,Makueni,0.0,27.7
2026-01-31,Nairobi,0.0,26.5
2026-01-31,Nakuru,13.1,22.6
2026-01-31,Uasin Gishu,11.5,24.2
2026-02-01,Machakos,9.6,24.9
2026-02-01,Kitui,2.5,22.7
2026-02-01,Makueni,20.0,20.2
2026-02-01,Nairobi,10.7,22.1
2026-02-01,Nakuru,3.5,21.6
2026-02-01,Uasin Gishu,10.3,22.8
2026-02-02,Machakos,0.0,27.0
2026-02-02,Kitui,,27.4
2026-02-02,Makueni,5.2,26.1
2026-02-02,Nairobi,5.4,25.5
2026-02-02,Nakuru,0.0,23.4
2026-02-02,Uasin Gishu,17.0,22.5
2026-02-03,Machakos,25.8,17.2
2026-02-03,Kitui,0.0,25.6
2026-02-03,Makueni,3.7,24.3
2026-02-03,Nairobi,0.0,27.0
2026-02-03,Nakuru,17.9,23.3
2026-02-03,Uasin Gishu,1.8,25.6
2026-02-04,Machakos,1.5,23.4
2026-02-04,Kitui,0.0,25.8
2026-02-04,Makueni,2.3,22.6
2026-02-04,Nairobi,0.0,23.0
2026-02-04,Nakuru,0.0,21.9
2026-02-04,Uasin Gishu,0.0,26.7
2026-02-05,Machakos,0.2,24.3
2026-02-05,Kitui,0.0,21.2
2026-02-05,Makueni,0.0,27.0
2026-02-05,Nairobi,19.7,23.4
2026-02-05,Nakuru,4.8,24.2
2026-02-05,Uasin Gishu,0.0,25.4
2026-02-06,Machakos,4.3,23.5
2026-02-06,Kitui,0.0,26.5
2026-02-06,Makueni,,22.4
2026-02-06,Nairobi,23.2,24.3
2026-02-06,Nakuru,0.0,14.9
2026-02-06,Uasin Gishu,9.5,26.2
2026-02-07,Machakos,0.0,21.5
2026-02-07,Kitui,12.8,23.0
2026-02-07,Makueni,0.0,25.8
2026-02-07,Nairobi,0.0,22.5
2026-02-07,Nakuru,6.8,20.7
2026-02-07,Uasin Gishu,0.8,24.4
2026-02-08,Machakos,9.7,27.4
2026-02-08,Kitui,10.9,26.5
2026-02-08,Makueni,1.6,28.0
2026-02-08,Nairobi,0.0,24.8
2026-02-08,Nakuru,3.2,23.0
2026-02-08,Uasin Gishu,1.5,23.6
2026-02-09,Machakos,1.9,17.6
2026-02-09,Kitui,10.3,24.9
2026-02-09,Makueni,4.5,19.3
2026-02-09,Nairobi,,20.1
2026-02-09,Nakuru,3.5,23.6
2026-02-09,Uasin Gishu,0.0,23.7
2026-02-10,Machakos,4.8,21.9
2026-02-10,Kitui,0.6,26.4
2026-02-10,Makueni,,28.5
2026-02-10,Nairobi,6.2,23.8
2026-02-10,Nakuru,0.0,18.7
2026-02-10,Uasin Gishu,11.2,26.8
2026-02-11,Machakos,2.3,24.2
2026-02-11,Kitui,0.0,18.3
2026-02-11,Makueni,1.9,24.3
2026-02-11,Nairobi,0.0,23.7
2026-02-11,Nakuru,,26.9
2026-02-11,Uasin Gishu,10.8,24.9
2026-02-12,Machakos,19.3,28.9
2026-02-12,Kitui,11.4,22.1
2026-02-12,Makueni,0.0,21.5
2026-02-12,Nairobi,13.6,21.0
2026-02-12,Nakuru,0.0,29.4
2026-02-12,Uasin Gishu,1.4,26.2
2026-02-13,Machakos,6.7,24.2
2026-02-13,Kitui,15.5,26.0
2026-02-13,Makueni,1.2,17.9
2026-02-13,Nairobi,13.5,18.6
2026-02-13,Nakuru,8.9,17.9
2026-02-13,Uasin Gishu,0.0,17.6
2026-02-14,Machakos,6.7,21.3
2026-02-14,Kitui,0.0,23.5
2026-02-14,Makueni,,24.3
2026-02-14,Nairobi,6.2,25.0
2026-02-14,Nakuru,6.6,20.6
2026-02-14,Uasin Gishu,11.0,24.1
2026-02-15,Machakos,7.7,22.3
2026-02-15,Kitui,25.8,26.6
2026-02-15,Makueni,9.2,21.7
2026-02-15,Nairobi,21.7,22.8
2026-02-15,Nakuru,24.5,25.6
2026-02-15,Uasin Gishu,0.0,20.3
2026-02-16,Machakos,1.0,23.0
2026-02-16,Kitui,2.5,23.6
2026-02-16,Makueni,0.9,22.6
2026-02-16,Nairobi,0.7,24.3
2026-02-16,Nakuru,16.2,25.6
2026-02-16,Uasin Gishu,5.8,20.1
2026-02-17,Machakos,14.4,17.2
2026-02-17,Kitui,8.7,26.2
2026-02-17,Makueni,2.8,18.1
2026-02-17,Nairobi,0.0,24.4
2026-02-17,Nakuru,5.1,22.0
2026-02-17,Uasin Gishu,10.8,24.4
2026-02-18,Machakos,6.2,23.4
2026-02-18,Kitui,3.8,22.2
2026-02-18,Makueni,26.9,24.1
2026-02-18,Nairobi,16.0,24.6
2026-02-18,Nakuru,0.0,21.2
2026-02-18,Uasin Gishu,8.6,24.7
2026-02-19,Machakos,4.5,19.6
2026-02-19,Kitui,6.6,23.1
2026-02-19,Makueni,,23.2
2026-02-19,Nairobi,0.0,28.4
2026-02-19,Nakuru,9.3,21.0
2026-02-19,Uasin Gishu,20.7,28.5
2026-02-20,Machakos,0.0,21.2
2026-02-20,Kitui,0.0,23.8
2026-02-20,Makueni,0.0,32.3
2026-02-20,Nairobi,0.9,23.6
2026-02-20,Nakuru,20.4,25.2
2026-02-20,Uasin Gishu,9.8,18.8
2026-02-21,Machakos,5.0,27.3
2026-02-21,Kitui,0.0,25.0
2026-02-21,Makueni,4.6,24.0
2026-02-21,Nairobi,0.0,21.4
2026-02-21,Nakuru,3.5,21.1
2026-02-21,Uasin Gishu,,19.7
2026-02-22,Machakos,20.0,24.1
2026-02-22,Kitui,4.4,21.6
2026-02-22,Makueni,11.9,23.8
2026-02-22,Nairobi,0.0,29.8
2026-02-22,Nakuru,0.0,16.7
2026-02-22,Uasin Gishu,1.1,21.8
2026-02-23,Machakos,11.1,28.1
2026-02-23,Kitui,5.7,28.0
2026-02-23,Makueni,18.4,22.0
2026-02-23,Nairobi,4.4,25.0
2026-02-23,Nakuru,0.0,20.2
2026-02-23,Uasin Gishu,22.4,26.3
2026-02-24,Machakos,4.6,17.2
2026-02-24,Kitui,2.5,21.1
2026-02-24,Makueni,7.1,18.2
2026-02-24,Nairobi,9.9,22.8
2026-02-24,Nakuru,0.0,23.8
2026-02-24,Uasin Gishu,0.0,27.2
2026-02-25,Machakos,0.0,19.4
2026-02-25,Kitui,11.5,26.1
2026-02-25,Makueni,8.1,24.8
2026-02-25,Nairobi,9.1,30.7
2026-02-25,Nakuru,1.1,26.1
2026-02-25,Uasin Gishu,0.0,22.8
2026-02-26,Machakos,5.4,26.1
2026-02-26,Kitui,0.3,23.8
2026-02-26,Makueni,9.9,24.0
2026-02-26,Nairobi,,22.1
2026-02-26,Nakuru,21.6,21.8
2026-02-26,Uasin Gishu,4.7,15.9
2026-02-27,Machakos,4.1,23.7
2026-02-27,Kitui,12.1,23.0
2026-02-27,Makueni,9.5,23.3
2026-02-27,Nairobi,0.0,29.6
2026-02-27,Nakuru,9.1,23.1
2026-02-27,Uasin Gishu,0.0,26.3
2026-02-28,Machakos,0.9,28.0
2026-02-28,Kitui,16.7,29.8
2026-02-28,Makueni,22.6,23.7
2026-02-28,Nairobi,8.6,20.5
2026-02-28,Nakuru,10.7,20.6
2026-02-28,Uasin Gishu,17.6,20.5
2026-03-01,Machakos,1.6,25.3
2026-03-01,Kitui,9.8,19.7
2026-03-01,Makueni,,20.8
2026-03-01,Nairobi,10.6,24.4
2026-03-01,Nakuru,2.4,27.9
2026-03-01,Uasin Gishu,2.5,27.4
2026-03-02,Machakos,0.0,22.3
2026-03-02,Kitui,12.9,26.4
2026-03-02,Makueni,10.3,24.0
2026-03-02,Nairobi,0.0,21.6
2026-03-02,Nakuru,0.6,23.3
2026-03-02,Uasin Gishu,7.9,25.3
2026-03-03,Machakos,23.7,20.7
2026-03-03,Kitui,1.2,23.5
2026-03-03,Makueni,13.5,19.7
2026-03-03,Nairobi,9.3,19.2
2026-03-03,Nakuru,5.9,21.0
2026-03-03,Uasin Gishu,2.6,17.0
2026-03-04,Machakos,2.4,24.5
2026-03-04,Kitui,6.3,23.7
2026-03-04,Makueni,9.2,25.9
2026-03-04,Nairobi,0.0,26.1
2026-03-04,Nakuru,8.6,23.2
2026-03-04,Uasin Gishu,14.3,28.2
2026-03-05,Machakos,15.8,20.9
2026-03-05,Kitui,1.0,19.7
2026-03-05,Makueni,0.0,19.2
2026-03-05,Nairobi,0.0,21.2
2026-03-05,Nakuru,2.9,24.1
2026-03-05,Uasin Gishu,5.3,23.1
2026-03-06,Machakos,8.9,31.3
2026-03-06,Kitui,7.7,18.5
2026-03-06,Makueni,4.1,22.0
2026-03-06,Nairobi,6.2,20.3
2026-03-06,Nakuru,0.0,20.8
2026-03-06,Uasin Gishu,7.8,23.4
2026-03-07,Machakos,0.0,26.3
2026-03-07,Kitui,0.0,25.4
2026-03-07,Makueni,9.0,20.3
2026-03-07,Nairobi,0.0,18.4
2026-03-07,Nakuru,,25.9
2026-03-07,Uasin Gishu,0.0,21.4
2026-03-08,Machakos,0.0,21.5
2026-03-08,Kitui,0.0,18.7
2026-03-08,Makueni,22.2,25.8
2026-03-08,Nairobi,0.0,26.6
2026-03-08,Nakuru,5.9,26.1
2026-03-08,Uasin Gishu,8.0,25.0
2026-03-09,Machakos,5.3,22.7
2026-03-09,Kitui,1.9,23.6
2026-03-09,Makueni,0.0,22.5
2026-03-09,Nairobi,0.0,29.1
2026-03-09,Nakuru,,25.3
2026-03-09,Uasin Gishu,2.6,21.4
2026-03-10,Machakos,,20.9
2026-03-10,Kitui,9.3,14.3
2026-03-10,Makueni,0.0,26.0
2026-03-10,Nairobi,15.8,27.7
2026-03-10,Nakuru,0.9,21.9
2026-03-10,Uasin Gishu,9.1,20.1
2026-03-11,Machakos,8.8,27.0
2026-03-11,Kitui,0.0,26.6
2026-03-11,Makueni,7.6,17.3
2026-03-11,Nairobi,8.4,30.0
2026-03-11,Nakuru,0.2,25.5
2026-03-11,Uasin Gishu,9.9,26.5
2026-03-12,Machakos,6.6,22.2
2026-03-12,Kitui,14.4,24.6
2026-03-12,Makueni,5.8,22.6
2026-03-12,Nairobi,11.6,17.1
2026-03-12,Nakuru,16.0,29.6
2026-03-12,Uasin Gishu,2.2,21.6
2026-03-13,Machakos,0.0,23.2
2026-03-13,Kitui,6.5,20.4
2026-03-13,Makueni,18.1,23.6
2026-03-13,Nairobi,11.3,24.0
2026-03-13,Nakuru,0.8,19.6
2026-03-13,Uasin Gishu,0.0,29.5
2026-03-14,Machakos,,20.6
2026-03-14,Kitui,0.1,27.3
2026-03-14,Makueni,0.4,19.1
2026-03-14,Nairobi,10.6,24.0
2026-03-14,Nakuru,2.2,22.0
2026-03-14,Uasin Gishu,0.7,23.3
2026-03-15,Machakos,16.0,22.4
2026-03-15,Kitui,0.0,20.9
2026-03-15,Makueni,0.0,31.2
2026-03-15,Nairobi,0.0,19.0
2026-03-15,Nakuru,8.8,21.7
2026-03-15,Uasin Gishu,9.8,27.0
2026-03-16,Machakos,0.0,24.7
2026-03-16,Kitui,,24.9
2026-03-16,Makueni,0.0,22.5
2026-03-16,Nairobi,0.0,25.5
2026-03-16,Nakuru,7.4,28.4
2026-03-16,Uasin Gishu,6.4,23.8
2026-03-17,Machakos,0.0,21.1
2026-03-17,Kitui,0.0,22.7
2026-03-17,Makueni,2.2,20.3
2026-03-17,Nairobi,8.9,14.2
2026-03-17,Nakuru,13.0,22.0
2026-03-17,Uasin Gishu,18.4,22.9
2026-03-18,Machakos,11.5,30.4
2026-03-18,Kitui,6.9,25.4
2026-03-18,Makueni,12.0,25.1
2026-03-18,Nairobi,2.8,17.9
2026-03-18,Nakuru,9.2,22.6
2026-03-18,Uasin Gishu,14.0,28.5
2026-03-19,Machakos,10.2,17.9
2026-03-19,Kitui,14.9,18.3
2026-03-19,Makueni,4.8,26.8
2026-03-19,Nairobi,1.1,24.5
2026-03-19,Nakuru,1.8,19.5
2026-03-19,Uasin Gishu,8.0,20.9
2026-03-20,Machakos,1.6,27.2
2026-03-20,Kitui,12.8,35.0
2026-03-20,Makueni,3.8,26.9
2026-03-20,Nairobi,14.0,22.2
2026-03-20,Nakuru,0.0,23.9
2026-03-20,Uasin Gishu,5.1,22.0
2026-03-21,Machakos,1.1,22.7
2026-03-21,Kitui,14.7,25.7
2026-03-21,Makueni,15.0,22.8
2026-03-21,Nairobi,0.0,23.6
2026-03-21,Nakuru,0.0,16.9
2026-03-21,Uasin Gishu,0.0,28.8
2026-03-22,Machakos,12.4,22.5
2026-03-22,Kitui,0.0,24.6
2026-03-22,Makueni,0.0,21.6
2026-03-22,Nairobi,1.3,23.7
2026-03-22,Nakuru,4.2,26.8
2026-03-22,Uasin Gishu,4.2,24.2
2026-03-23,Machakos,1.6,28.4
2026-03-23,Kitui,15.9,26.4
2026-03-23,Makueni,9.5,28.0
2026-03-23,Nairobi,6.9,20.7
2026-03-23,Nakuru,0.0,20.4
2026-03-23,Uasin Gishu,3.0,29.0
2026-03-24,Machakos,1.3,18.9
2026-03-24,Kitui,24.6,22.3
2026-03-24,Makueni,0.8,28.2
2026-03-24,Nairobi,2.1,23.7
2026-03-24,Nakuru,0.0,27.6
2026-03-24,Uasin Gishu,0.0,22.8
2026-03-25,Machakos,0.6,23.5
2026-03-25,Kitui,21.4,23.3
2026-03-25,Makueni,12.9,23.1
2026-03-25,Nairobi,4.2,26.1
2026-03-25,Nakuru,6.4,20.6
2026-03-25,Uasin Gishu,3.8,21.3
2026-03-26,Machakos,1.1,20.7
2026-03-26,Kitui,7.8,21.2
2026-03-26,Makueni,0.0,28.2
2026-03-26,Nairobi,3.0,18.2
2026-03-26,Nakuru,0.6,20.4
2026-03-26,Uasin Gishu,0.0,19.4
2026-03-27,Machakos,10.5,26.7
2026-03-27,Kitui,0.7,23.5
2026-03-27,Makueni,7.8,25.4
2026-03-27,Nairobi,0.0,28.1
2026-03-27,Nakuru,8.2,16.0
2026-03-27,Uasin Gishu,9.1,20.1
2026-03-28,Machakos,6.2,19.6
2026-03-28,Kitui,0.0,22.6
2026-03-28,Makueni,1.2,23.0
2026-03-28,Nairobi,5.1,26.8
2026-03-28,Nakuru,0.0,21.6
2026-03-28,Uasin Gishu,0.0,20.0
2026-03-29,Machakos,5.2,23.4
2026-03-29,Kitui,15.0,25.5
2026-03-29,Makueni,0.0,26.9
2026-03-29,Nairobi,0.0,26.8
2026-03-29,Nakuru,6.3,27.2
2026-03-29,Uasin Gishu,0.0,23.9
2026-03-30,Machakos,11.0,25.1
2026-03-30,Kitui,0.0,24.6
2026-03-30,Makueni,9.5,25.1
2026-03-30,Nairobi,0.0,20.9
2026-03-30,Nakuru,0.0,21.4
2026-03-30,Uasin Gishu,1.4,18.4
2026-03-31,Machakos,0.0,22.9
2026-03-31,Kitui,5.6,22.5
2026-03-31,Makueni,13.1,28.2
2026-03-31,Nairobi,0.0,22.3
2026-03-31,Nakuru,0.0,24.8
2026-03-31,Uasin Gishu,1.0,28.1
2026-04-01,Machakos,0.0,27.6
2026-04-01,Kitui,0.0,25.3
2026-04-01,Makueni,0.0,34.4
2026-04-01,Nairobi,1.0,15.0
2026-04-01,Nakuru,5.9,24.4
2026-04-01,Uasin Gishu,0.0,25.8
2026-04-02,Machakos,6.4,25.8
2026-04-02,Kitui,0.0,21.0
2026-04-02,Makueni,7.1,18.1
2026-04-02,Nairobi,6.4,25.6
2026-04-02,Nakuru,20.6,20.9
2026-04-02,Uasin Gishu,11.9,29.9
2026-04-03,Machakos,0.9,22.5
2026-04-03,Kitui,0.0,22.5
2026-04-03,Makueni,16.0,26.4
2026-04-03,Nairobi,0.0,28.6
2026-04-03,Nakuru,4.2,20.2
2026-04-03,Uasin Gishu,0.0,28.5
2026-04-04,Machakos,5.5,28.0
2026-04-04,Kitui,0.0,21.5
2026-04-04,Makueni,0.0,24.6
2026-04-04,Nairobi,14.1,23.2
2026-04-04,Nakuru,0.0,25.2
2026-04-04,Uasin Gishu,9.7,21.3
2026-04-05,Machakos,13.1,28.4
2026-04-05,Kitui,15.7,21.8
2026-04-05,Makueni,5.1,19.5
2026-04-05,Nairobi,11.6,22.8
2026-04-05,Nakuru,0.0,24.3
2026-04-05,Uasin Gishu,0.0,26.6
2026-04-06,Machakos,,22.5
2026-04-06,Kitui,0.0,19.3
2026-04-06,Makueni,5.0,22.8
2026-04-06,Nairobi,0.0,23.5
2026-04-06,Nakuru,0.5,22.2
2026-04-06,Uasin Gishu,11.2,31.0
2026-04-07,Machakos,0.0,27.7
2026-04-07,Kitui,1.0,22.8
2026-04-07,Makueni,1.5,21.0
2026-04-07,Nairobi,5.3,23.6
2026-04-07,Nakuru,0.0,22.5
2026-04-07,Uasin Gishu,2.4,29.1
2026-04-08,Machakos,9.3,30.6
2026-04-08,Kitui,0.0,17.1
2026-04-08,Makueni,7.2,25.7
2026-04-08,Nairobi,7.1,24.3
2026-04-08,Nakuru,16.6,22.6
2026-04-08,Uasin Gishu,0.0,20.2
2026-04-09,Machakos,0.0,19.5
2026-04-09,Kitui,7.0,25.6
2026-04-09,Makueni,1.8,26.6
2026-04-09,Nairobi,4.1,23.0
2026-04-09,Nakuru,2.6,25.4
2026-04-09,Uasin Gishu,0.0,20.1
2026-04-10,Machakos,3.5,23.9
2026-04-10,Kitui,8.6,25.5
2026-04-10,Makueni,0.0,22.1
2026-04-10,Nairobi,0.0,20.9
2026-04-10,Nakuru,0.0,17.6
2026-04-10,Uasin Gishu,1.5,21.2
2026-04-11,Machakos,11.8,26.1
2026-04-11,Kitui,0.0,23.0
2026-04-11,Makueni,2.4,21.4
2026-04-11,Nairobi,4.9,19.9
2026-04-11,Nakuru,4.1,18.5
2026-04-11,Uasin Gishu,0.0,23.6
2026-04-12,Machakos,0.5,23.7
2026-04-12,Kitui,1.0,18.2
2026-04-12,Makueni,5.5,26.3
2026-04-12,Nairobi,0.0,23.7
2026-04-12,Nakuru,0.0,25.1
2026-04-12,Uasin Gishu,0.0,18.4
2026-04-13,Machakos,0.3,21.6
2026-04-13,Kitui,15.9,19.2
2026-04-13,Makueni,0.0,24.5
2026-04-13,Nairobi,3.1,22.3
2026-04-13,Nakuru,0.0,21.1
2026-04-13,Uasin Gishu,1.9,21.7
2026-04-14,Machakos,0.0,16.7
2026-04-14,Kitui,7.0,24.0
2026-04-14,Makueni,8.2,19.2
2026-04-14,Nairobi,5.3,23.7
2026-04-14,Nakuru,6.6,23.3
2026-04-14,Uasin Gishu,6.7,24.1
2026-04-15,Machakos,6.0,25.3
2026-04-15,Kitui,1.7,24.1
2026-04-15,Makueni,4.6,28.3
2026-04-15,Nairobi,19.7,22.8
2026-04-15,Nakuru,2.4,25.4
2026-04-15,Uasin Gishu,10.5,22.1
2026-04-16,Machakos,8.6,16.8
2026-04-16,Kitui,15.9,26.0
2026-04-16,Makueni,2.3,25.8
2026-04-16,Nairobi,2.4,20.2
2026-04-16,Nakuru,10.9,19.2
2026-04-16,Uasin Gishu,0.0,27.9
2026-04-17,Machakos,4.7,21.7
2026-04-17,Kitui,0.0,18.4
2026-04-17,Makueni,0.3,22.6
2026-04-17,Nairobi,12.7,28.9
2026-04-17,Nakuru,2.7,21.4
2026-04-17,Uasin Gishu,7.6,24.6
2026-04-18,Machakos,1.6,22.2
2026-04-18,Kitui,6.9,17.2
2026-04-18,Makueni,0.0,21.9
2026-04-18,Nairobi,0.0,22.0
2026-04-18,Nakuru,25.1,27.9
2026-04-18,Uasin Gishu,1.2,29.7
2026-04-19,Machakos,5.8,23.0
2026-04-19,Kitui,0.0,20.8
2026-04-19,Makueni,0.0,21.9
2026-04-19,Nairobi,14.5,22.0
2026-04-19,Nakuru,5.7,19.2
2026-04-19,Uasin Gishu,13.6,28.9
2026-04-20,Machakos,3.5,23.5
2026-04-20,Kitui,0.0,24.9
2026-04-20,Makueni,21.2,22.5
2026-04-20,Nairobi,5.9,25.1
2026-04-20,Nakuru,6.2,26.8
2026-04-20,Uasin Gishu,2.4,24.3
2026-04-21,Machakos,16.8,23.8
2026-04-21,Kitui,0.0,30.3
2026-04-21,Makueni,0.0,24.9
2026-04-21,Nairobi,1.4,28.1
2026-04-21,Nakuru,0.0,19.1
2026-04-21,Uasin Gishu,18.7,23.5
2026-04-22,Machakos,16.5,20.1
2026-04-22,Kitui,0.0,22.6
2026-04-22,Makueni,12.5,27.8
2026-04-22,Nairobi,5.6,27.6
2026-04-22,Nakuru,0.0,25.9
2026-04-22,Uasin Gishu,1.8,20.5
2026-04-23,Machakos,0.0,23.2
2026-04-23,Kitui,4.1,24.2
2026-04-23,Makueni,4.4,23.4
2026-04-23,Nairobi,0.0,27.6
2026-04-23,Nakuru,0.5,26.3
2026-04-23,Uasin Gishu,0.0,24.7
2026-04-24,Machakos,0.0,23.9
2026-04-24,Kitui,0.0,22.4
2026-04-24,Makueni,15.9,21.3
2026-04-24,Nairobi,0.0,25.3
2026-04-24,Nakuru,0.0,15.9
2026-04-24,Uasin Gishu,7.9,22.5
2026-04-25,Machakos,0.0,24.9
2026-04-25,Kitui,0.0,26.7
2026-04-25,Makueni,7.8,29.1
2026-04-25,Nairobi,0.0,24.0
2026-04-25,Nakuru,0.0,19.5
2026-04-25,Uasin Gishu,10.5,19.6
2026-04-26,Machakos,5.1,23.6
2026-04-26,Kitui,0.0,26.0
2026-04-26,Makueni,1.1,24.5
2026-04-26,Nairobi,0.0,20.4
2026-04-26,Nakuru,0.0,20.7
2026-04-26,Uasin Gishu,0.0,21.2
2026-04-27,Machakos,0.0,21.2
2026-04-27,Kitui,14.3,23.8
2026-04-27,Makueni,7.8,19.0
2026-04-27,Nairobi,9.0,23.0
2026-04-27,Nakuru,0.0,20.9
2026-04-27,Uasin Gishu,14.5,29.9
2026-04-28,Machakos,7.6,24.0
2026-04-28,Kitui,0.0,19.7
2026-04-28,Makueni,16.5,23.6
2026-04-28,Nairobi,11.4,21.9
2026-04-28,Nakuru,0.0,20.1
2026-04-28,Uasin Gishu,1.6,21.7
2026-04-29,Machakos,0.0,22.0
2026-04-29,Kitui,8.7,25.0
2026-04-29,Makueni,5.5,28.6
2026-04-29,Nairobi,0.0,20.6
2026-04-29,Nakuru,1.4,27.2
2026-04-29,Uasin Gishu,0.0,25.6
2026-04-30,Machakos,21.5,24.2
2026-04-30,Kitui,0.0,19.5
2026-04-30,Makueni,15.1,16.1
2026-04-30,Nairobi,14.6,26.2
2026-04-30,Nakuru,11.6,29.4
2026-04-30,Uasin Gishu,,20.7
2026-05-01,Machakos,1.7,22.4
2026-05-01,Kitui,14.5,20.5
2026-05-01,Makueni,0.0,27.3
2026-05-01,Nairobi,7.0,24.4
2026-05-01,Nakuru,2.9,15.3
2026-05-01,Uasin Gishu,0.5,24.4
2026-05-02,Machakos,11.1,31.4
2026-05-02,Kitui,7.8,27.4
2026-05-02,Makueni,0.0,22.7
2026-05-02,Nairobi,2.0,19.2
2026-05-02,Nakuru,1.2,24.5
2026-05-02,Uasin Gishu,0.0,22.7
2026-05-03,Machakos,0.0,21.8
2026-05-03,Kitui,,31.3
2026-05-03,Makueni,0.0,21.0
2026-05-03,Nairobi,0.0,18.3
2026-05-03,Nakuru,0.0,28.1
2026-05-03,Uasin Gishu,0.0,25.9
2026-05-04,Machakos,3.4,26.1
2026-05-04,Kitui,1.4,22.2
2026-05-04,Makueni,0.0,16.2
2026-05-04,Nairobi,0.0,25.0
2026-05-04,Nakuru,11.6,24.4
2026-05-04,Uasin Gishu,0.0,22.5
2026-05-05,Machakos,2.3,25.4
2026-05-05,Kitui,4.0,15.1
2026-05-05,Makueni,4.0,20.8
2026-05-05,Nairobi,13.3,19.1
2026-05-05,Nakuru,,18.4
2026-05-05,Uasin Gishu,9.0,24.9
2026-05-06,Machakos,0.0,27.0
2026-05-06,Kitui,,28.8
2026-05-06,Makueni,10.0,24.0
2026-05-06,Nairobi,0.7,20.1
2026-05-06,Nakuru,,28.7
2026-05-06,Uasin Gishu,1.9,20.5
2026-05-07,Machakos,3.5,27.1
2026-05-07,Kitui,0.0,22.8
2026-05-07,Makueni,9.6,26.0
2026-05-07,Nairobi,3.0,23.0
2026-05-07,Nakuru,4.6,22.3
2026-05-07,Uasin Gishu,3.1,20.1
2026-05-08,Machakos,15.3,20.4
2026-05-08,Kitui,8.3,26.5
2026-05-08,Makueni,6.0,25.3
2026-05-08,Nairobi,8.5,29.6
2026-05-08,Nakuru,,23.5
2026-05-08,Uasin Gishu,0.0,26.1
2026-05-09,Machakos,12.5,21.1
2026-05-09,Kitui,0.0,25.0
2026-05-09,Makueni,11.9,20.0
2026-05-09,Nairobi,2.6,23.9
2026-05-09,Nakuru,3.1,18.6
2026-05-09,Uasin Gishu,1.7,25.6
2026-05-10,Machakos,7.7,23.4
2026-05-10,Kitui,0.0,24.3
2026-05-10,Makueni,14.9,26.0
2026-05-10,Nairobi,,31.5
2026-05-10,Nakuru,13.0,29.4
2026-05-10,Uasin Gishu,3.5,24.9
2026-05-11,Machakos,15.5,25.3
2026-05-11,Kitui,0.0,19.4
2026-05-11,Makueni,0.2,24.7
2026-05-11,Nairobi,0.0,24.2
2026-05-11,Nakuru,0.0,25.0
2026-05-11,Uasin Gishu,4.3,22.5
2026-05-12,Machakos,0.0,21.7
2026-05-12,Kitui,9.9,22.5
2026-05-12,Makueni,19.7,24.6
2026-05-12,Nairobi,9.3,26.8
2026-05-12,Nakuru,10.5,24.5
2026-05-12,Uasin Gishu,0.0,21.0
2026-05-13,Machakos,0.0,23.4
2026-05-13,Kitui,21.3,22.7
2026-05-13,Makueni,4.3,21.0
2026-05-13,Nairobi,1.6,26.4
2026-05-13,Nakuru,0.0,21.3
2026-05-13,Uasin Gishu,0.0,21.9
2026-05-14,Machakos,4.2,18.4
2026-05-14,Kitui,0.5,19.8
2026-05-14,Makueni,,25.7
2026-05-14,Nairobi,0.0,19.8
2026-05-14,Nakuru,12.1,28.5
2026-05-14,Uasin Gishu,0.0,29.2
2026-05-15,Machakos,0.0,24.8
2026-05-15,Kitui,18.1,20.6
2026-05-15,Makueni,9.8,21.6
2026-05-15,Nairobi,17.8,22.2
2026-05-15,Nakuru,4.1,24.8
2026-05-15,Uasin Gishu,14.4,24.1
2026-05-16,Machakos,5.2,23.7
2026-05-16,Kitui,15.6,20.5
2026-05-16,Makueni,3.3,22.5
2026-05-16,Nairobi,15.7,23.5
2026-05-16,Nakuru,2.3,20.8
2026-05-16,Uasin Gishu,0.0,21.2
2026-05-17,Machakos,15.3,19.1
2026-05-17,Kitui,0.0,27.8
2026-05-17,Makueni,12.0,23.0
2026-05-17,Nairobi,0.0,22.7
2026-05-17,Nakuru,11.2,17.1
2026-05-17,Uasin Gishu,13.2,19.6
2026-05-18,Machakos,0.0,24.9
2026-05-18,Kitui,12.1,23.9
2026-05-18,Makueni,18.3,18.9
2026-05-18,Nairobi,0.0,24.0
2026-05-18,Nakuru,0.0,24.9
2026-05-18,Uasin Gishu,11.4,27.7
2026-05-19,Machakos,0.0,24.3
2026-05-19,Kitui,0.0,23.2
2026-05-19,Makueni,7.3,21.7
2026-05-19,Nairobi,3.4,23.7
2026-05-19,Nakuru,0.0,23.4
2026-05-19,Uasin Gishu,0.0,24.7
2026-05-20,Machakos,3.8,23.2
2026-05-20,Kitui,10.3,20.5
2026-05-20,Makueni,10.4,23.6
2026-05-20,Nairobi,,28.4
2026-05-20,Nakuru,0.0,19.9
2026-05-20,Uasin Gishu,0.7,25.8
2026-05-21,Machakos,9.0,22.6
2026-05-21,Kitui,8.0,17.4
2026-05-21,Makueni,2.0,20.0
2026-05-21,Nairobi,8.5,25.5
2026-05-21,Nakuru,13.1,27.2
2026-05-21,Uasin Gishu,9.3,25.1
2026-05-22,Machakos,7.3,24.0
2026-05-22,Kitui,0.0,19.5
2026-05-22,Makueni,0.0,29.0
2026-05-22,Nairobi,12.7,27.5
2026-05-22,Nakuru,15.0,25.4
2026-05-22,Uasin Gishu,,19.2
2026-05-23,Machakos,0.0,25.9
2026-05-23,Kitui,0.0,24.3
2026-05-23,Makueni,2.3,26.2
2026-05-23,Nairobi,0.0,21.4
2026-05-23,Nakuru,0.0,21.3
2026-05-23,Uasin Gishu,10.6,17.9
2026-05-24,Machakos,11.6,22.5
2026-05-24,Kitui,5.2,24.1
2026-05-24,Makueni,9.8,29.9
2026-05-24,Nairobi,0.0,23.9
2026-05-24,Nakuru,8.9,25.3
2026-05-24,Uasin Gishu,0.0,20.2
2026-05-25,Machakos,1.0,20.4
2026-05-25,Kitui,10.7,20.2
2026-05-25,Makueni,3.9,22.3
2026-05-25,Nairobi,,24.3
2026-05-25,Nakuru,0.0,23.1
2026-05-25,Uasin Gishu,14.3,21.9
2026-05-26,Machakos,0.0,21.5
2026-05-26,Kitui,9.0,21.3
2026-05-26,Makueni,,24.1
2026-05-26,Nairobi,0.0,24.5
2026-05-26,Nakuru,3.6,27.9
2026-05-26,Uasin Gishu,0.0,22.6
2026-05-27,Machakos,0.0,24.1
2026-05-27,Kitui,0.0,21.4
2026-05-27,Makueni,1.8,24.4
2026-05-27,Nairobi,0.0,25.6
2026-05-27,Nakuru,11.6,27.7
2026-05-27,Uasin Gishu,10.2,22.4
2026-05-28,Machakos,,23.2
2026-05-28,Kitui,3.1,22.8
2026-05-28,Makueni,4.0,24.8
2026-05-28,Nairobi,,26.3
2026-05-28,Nakuru,0.0,28.1
2026-05-28,Uasin Gishu,12.4,23.3
2026-05-29,Machakos,4.2,17.3
2026-05-29,Kitui,5.5,24.8
2026-05-29,Makueni,0.0,25.3
2026-05-29,Nairobi,23.2,22.5
2026-05-29,Nakuru,15.6,20.7
2026-05-29,Uasin Gishu,16.3,21.8
2026-05-30,Machakos,12.0,24.5
2026-05-30,Kitui,16.2,20.2
2026-05-30,Makueni,0.0,21.7
2026-05-30,Nairobi,0.0,21.3
2026-05-30,Nakuru,13.1,26.4
2026-05-30,Uasin Gishu,2.7,22.1
2026-05-31,Machakos,5.2,26.1
2026-05-31,Kitui,0.0,23.0
2026-05-31,Makueni,0.0,15.9
2026-05-31,Nairobi,17.9,22.5
2026-05-31,Nakuru,0.0,24.9
2026-05-31,Uasin Gishu,1.9,31.3
2026-06-01,Machakos,14.4,24.4
2026-06-01,Kitui,20.1,23.2
2026-06-01,Makueni,15.8,19.0
2026-06-01,Nairobi,,30.0
2026-06-01,Nakuru,0.0,22.3
2026-06-01,Uasin Gishu,8.6,22.1
2026-06-02,Machakos,6.0,24.9
2026-06-02,Kitui,6.3,23.6
2026-06-02,Makueni,0.0,26.4
2026-06-02,Nairobi,0.0,23.2
2026-06-02,Nakuru,1.9,24.5
2026-06-02,Uasin Gishu,10.0,30.5
2026-06-03,Machakos,4.3,25.7
2026-06-03,Kitui,4.2,23.0
2026-06-03,Makueni,8.9,22.4
2026-06-03,Nairobi,12.9,27.2
2026-06-03,Nakuru,0.0,32.1
2026-06-03,Uasin Gishu,0.0,24.1
2026-06-04,Machakos,7.6,27.3
2026-06-04,Kitui,5.8,26.9
2026-06-04,Makueni,13.2,26.5
2026-06-04,Nairobi,0.0,17.0
2026-06-04,Nakuru,0.0,24.8
2026-06-04,Uasin Gishu,4.5,24.0
2026-06-05,Machakos,11.5,17.6
2026-06-05,Kitui,14.7,26.8
2026-06-05,Makueni,4.4,22.5
2026-06-05,Nairobi,0.0,20.0
2026-06-05,Nakuru,0.0,15.0
2026-06-05,Uasin Gishu,12.3,24.3
2026-06-06,Machakos,0.0,24.2
2026-06-06,Kitui,6.4,23.4
2026-06-06,Makueni,4.2,21.4
2026-06-06,Nairobi,4.4,23.7
2026-06-06,Nakuru,0.0,23.2
2026-06-06,Uasin Gishu,10.2,20.7
2026-06-07,Machakos,0.0,24.6
2026-06-07,Kitui,0.0,22.0
2026-06-07,Makueni,6.2,21.0
2026-06-07,Nairobi,16.6,23.6
2026-06-07,Nakuru,,29.5
2026-06-07,Uasin Gishu,16.0,25.5
2026-06-08,Machakos,3.3,22.2
2026-06-08,Kitui,5.9,22.5
2026-06-08,Makueni,5.1,16.9
2026-06-08,Nairobi,3.5,18.7
2026-06-08,Nakuru,0.2,23.3
2026-06-08,Uasin Gishu,0.0,18.3
2026-06-09,Machakos,2.8,15.5
2026-06-09,Kitui,5.7,20.3
2026-06-09,Makueni,1.7,20.1
2026-06-09,Nairobi,2.7,23.0
2026-06-09,Nakuru,4.3,21.9
2026-06-09,Uasin Gishu,0.0,22.7
2026-06-10,Machakos,0.0,27.5
2026-06-10,Kitui,14.6,25.0
2026-06-10,Makueni,2.1,22.2
2026-06-10,Nairobi,0.0,27.8
2026-06-10,Nakuru,0.0,23.6
2026-06-10,Uasin Gishu,4.9,21.1
2026-06-11,Machakos,4.3,20.9
2026-06-11,Kitui,11.2,20.1
2026-06-11,Makueni,9.8,24.9
2026-06-11,Nairobi,5.8,20.9
2026-06-11,Nakuru,8.0,23.4
2026-06-11,Uasin Gishu,5.4,25.4
2026-06-12,Machakos,3.0,28.2
2026-06-12,Kitui,0.9,26.0
2026-06-12,Makueni,3.5,17.5
2026-06-12,Nairobi,4.0,21.0
2026-06-12,Nakuru,7.0,21.3
2026-06-12,Uasin Gishu,,28.1
2026-06-13,Machakos,2.9,23.3
2026-06-13,Kitui,0.0,28.2
2026-06-13,Makueni,9.7,21.6
2026-06-13,Nairobi,0.0,24.6
2026-06-13,Nakuru,0.0,21.2
2026-06-13,Uasin Gishu,7.6,24.0
2026-06-14,Machakos,0.0,24.2
2026-06-14,Kitui,17.5,28.1
2026-06-14,Makueni,9.6,20.1
2026-06-14,Nairobi,5.7,22.9
2026-06-14,Nakuru,0.0,27.0
2026-06-14,Uasin Gishu,0.2,18.4
2026-06-15,Machakos,4.0,23.9
2026-06-15,Kitui,0.9,18.5
2026-06-15,Makueni,0.7,23.0
2026-06-15,Nairobi,6.4,20.5
2026-06-15,Nakuru,0.0,31.8
2026-06-15,Uasin Gishu,11.8,26.2
2026-06-16,Machakos,3.5,26.1
2026-06-16,Kitui,,17.6
2026-06-16,Makueni,15.5,23.9
2026-06-16,Nairobi,,23.9
2026-06-16,Nakuru,15.6,17.3
2026-06-16,Uasin Gishu,7.1,20.7
2026-06-17,Machakos,4.4,27.6
2026-06-17,Kitui,8.6,26.6
2026-06-17,Makueni,0.0,22.2
2026-06-17,Nairobi,4.8,24.9
2026-06-17,Nakuru,7.9,24.8
2026-06-17,Uasin Gishu,9.1,18.6
2026-06-18,Machakos,17.1,23.0
2026-06-18,Kitui,2.5,25.1
2026-06-18,Makueni,11.8,23.6
2026-06-18,Nairobi,15.4,26.5
2026-06-18,Nakuru,0.7,22.6
2026-06-18,Uasin Gishu,0.0,20.1
2026-06-19,Machakos,7.8,27.6
2026-06-19,Kitui,12.8,24.6
2026-06-19,Makueni,,19.1
2026-06-19,Nairobi,0.0,22.3
2026-06-19,Nakuru,2.6,23.8
2026-06-19,Uasin Gishu,,27.1
2026-06-20,Machakos,0.0,30.7
2026-06-20,Kitui,13.8,31.0
2026-06-20,Makueni,8.4,22.5
2026-06-20,Nairobi,7.1,24.1
2026-06-20,Nakuru,1.8,24.2
2026-06-20,Uasin Gishu,0.0,27.7
2026-06-21,Machakos,4.7,19.2
2026-06-21,Kitui,0.0,23.3
2026-06-21,Makueni,0.0,18.1
2026-06-21,Nairobi,0.0,25.4
2026-06-21,Nakuru,0.0,23.9
2026-06-21,Uasin Gishu,7.8,17.4
2026-06-22,Machakos,0.0,25.1
2026-06-22,Kitui,4.4,22.9
2026-06-22,Makueni,7.8,29.2
2026-06-22,Nairobi,1.1,31.5
2026-06-22,Nakuru,,16.4
2026-06-22,Uasin Gishu,9.5,17.2
2026-06-23,Machakos,11.7,26.7
2026-06-23,Kitui,0.0,24.5
2026-06-23,Makueni,0.0,27.1
2026-06-23,Nairobi,12.0,24.6
2026-06-23,Nakuru,4.6,18.1
2026-06-23,Uasin Gishu,11.5,22.8
2026-06-24,Machakos,18.2,22.0
2026-06-24,Kitui,0.5,23.6
2026-06-24,Makueni,0.0,25.3
2026-06-24,Nairobi,12.7,20.0
2026-06-24,Nakuru,6.1,24.1
2026-06-24,Uasin Gishu,11.4,19.0
2026-06-25,Machakos,0.0,23.7
2026-06-25,Kitui,2.7,25.0
2026-06-25,Makueni,7.8,24.3
2026-06-25,Nairobi,18.2,25.1
2026-06-25,Nakuru,17.0,25.3
2026-06-25,Uasin Gishu,16.5,22.5
2026-06-26,Machakos,0.0,21.7
2026-06-26,Kitui,13.8,27.7
2026-06-26,Makueni,8.0,18.0
2026-06-26,Nairobi,16.7,21.5
2026-06-26,Nakuru,,21.3
2026-06-26,Uasin Gishu,0.0,23.1
2026-06-27,Machakos,7.0,25.6
2026-06-27,Kitui,0.0,18.9
2026-06-27,Makueni,0.0,21.4
2026-06-27,Nairobi,0.7,21.7
2026-06-27,Nakuru,2.4,23.8
2026-06-27,Uasin Gishu,17.2,29.1
2026-06-28,Machakos,0.0,23.0
2026-06-28,Kitui,0.0,23.9
2026-06-28,Makueni,9.0,20.6
2026-06-28,Nairobi,15.2,25.7
2026-06-28,Nakuru,0.0,20.7
2026-06-28,Uasin Gishu,0.0,26.5
2026-06-29,Machakos,7.7,25.6
2026-06-29,Kitui,5.4,22.5
2026-06-29,Makueni,0.0,19.2
2026-06-29,Nairobi,0.5,26.0
2026-06-29,Nakuru,3.6,20.3
2026-06-29,Uasin Gishu,0.0,26.1
2026-06-30,Machakos,8.1,19.7
2026-06-30,Kitui,0.0,24.1
2026-06-30,Makueni,,25.4
2026-06-30,Nairobi,7.1,23.3
2026-06-30,Nakuru,7.8,20.9
2026-06-30,Uasin Gishu,8.2,20.5
2026-07-01,Machakos,4.1,22.7
2026-07-01,Kitui,0.3,20.5
2026-07-01,Makueni,4.1,20.2
2026-07-01,Nairobi,0.0,21.2
2026-07-01,Nakuru,2.2,22.5
2026-07-01,Uasin Gishu,,21.5
2026-07-02,Machakos,0.0,25.0
2026-07-02,Kitui,0.0,25.2
2026-07-02,Makueni,0.0,26.7
2026-07-02,Nairobi,5.0,24.3
2026-07-02,Nakuru,1.5,20.4
2026-07-02,Uasin Gishu,4.0,23.2
2026-07-03,Machakos,3.3,30.7
2026-07-03,Kitui,2.4,19.7
2026-07-03,Makueni,0.0,20.3
2026-07-03,Nairobi,14.7,24.4
2026-07-03,Nakuru,22.3,23.5
2026-07-03,Uasin Gishu,13.9,24.7
2026-07-04,Machakos,0.4,24.3
2026-07-04,Kitui,0.0,28.4
2026-07-04,Makueni,8.8,28.5
2026-07-04,Nairobi,6.5,26.3
2026-07-04,Nakuru,5.1,24.4
2026-07-04,Uasin Gishu,0.0,24.8
2026-07-05,Machakos,11.3,21.8
2026-07-05,Kitui,5.6,21.7
2026-07-05,Makueni,0.0,19.9
2026-07-05,Nairobi,0.0,28.5
2026-07-05,Nakuru,2.2,22.5
2026-07-05,Uasin Gishu,13.4,22.8
2026-07-06,Machakos,2.7,27.1
2026-07-06,Kitui,8.0,24.1
2026-07-06,Makueni,2.1,25.4
2026-07-06,Nairobi,8.8,22.8
2026-07-06,Nakuru,0.9,27.6
2026-07-06,Uasin Gishu,0.0,27.8
2026-07-07,Machakos,0.0,25.0
2026-07-07,Kitui,0.0,22.4
2026-07-07,Makueni,21.2,24.1
2026-07-07,Nairobi,5.5,20.3
2026-07-07,Nakuru,5.1,25.1
2026-07-07,Uasin Gishu,7.6,22.2
2026-07-08,Machakos,3.1,22.0
2026-07-08,Kitui,0.0,23.7
2026-07-08,Makueni,0.0,19.4
2026-07-08,Nairobi,3.9,25.5
2026-07-08,Nakuru,0.0,21.3
2026-07-08,Uasin Gishu,10.5,22.9
2026-07-09,Machakos,0.7,29.5
2026-07-09,Kitui,3.5,22.9
2026-07-09,Makueni,0.0,22.6
2026-07-09,Nairobi,0.0,26.3
2026-07-09,Nakuru,5.9,21.5
2026-07-09,Uasin Gishu,7.0,22.3
2026-07-10,Machakos,0.2,25.1
2026-07-10,Kitui,0.0,21.9
2026-07-10,Makueni,13.5,27.1
2026-07-10,Nairobi,7.0,29.4
2026-07-10,Nakuru,9.6,22.6
2026-07-10,Uasin Gishu,0.6,22.6
2026-07-11,Machakos,12.3,22.2
2026-07-11,Kitui,0.0,22.9
2026-07-11,Makueni,6.3,23.8
2026-07-11,Nairobi,0.0,26.5
2026-07-11,Nakuru,0.0,23.7
2026-07-11,Uasin Gishu,2.7,24.7
2026-07-12,Machakos,0.0,22.0
2026-07-12,Kitui,2.7,20.5
2026-07-12,Makueni,11.0,23.4
2026-07-12,Nairobi,2.8,18.8
2026-07-12,Nakuru,4.2,25.7
2026-07-12,Uasin Gishu,0.0,19.1
2026-07-13,Machakos,0.7,22.6
2026-07-13,Kitui,,23.4
2026-07-13,Makueni,6.2,19.5
2026-07-13,Nairobi,6.7,23.9
2026-07-13,Nakuru,9.0,26.0
2026-07-13,Uasin Gishu,8.0,21.9
2026-07-14,Machakos,0.0,20.6
2026-07-14,Kitui,0.0,28.3
2026-07-14,Makueni,0.0,21.8
2026-07-14,Nairobi,13.5,24.3
2026-07-14,Nakuru,0.0,26.6
2026-07-14,Uasin Gishu,0.0,19.4
2026-07-15,Machakos,8.4,21.7
2026-07-15,Kitui,0.0,26.3
2026-07-15,Makueni,0.0,27.7
2026-07-15,Nairobi,8.2,23.1
2026-07-15,Nakuru,0.0,19.9
2026-07-15,Uasin Gishu,7.2,24.2
2026-07-16,Machakos,0.5,17.8
2026-07-16,Kitui,1.6,25.5
2026-07-16,Makueni,1.3,26.0
2026-07-16,Nairobi,0.0,19.9
2026-07-16,Nakuru,2.8,28.4
2026-07-16,Uasin Gishu,,20.7
2026-07-17,Machakos,15.9,22.1
2026-07-17,Kitui,23.0,28.7
2026-07-17,Makueni,0.0,22.1
2026-07-17,Nairobi,0.2,23.0
2026-07-17,Nakuru,0.0,28.7
2026-07-17,Uasin Gishu,8.3,27.3
2026-07-18,Machakos,6.5,20.3
2026-07-18,Kitui,13.0,18.7
2026-07-18,Makueni,5.5,31.6
2026-07-18,Nairobi,8.3,25.7
2026-07-18,Nakuru,0.0,28.7
2026-07-18,Uasin Gishu,3.5,22.8
2026-07-19,Machakos,0.0,19.1
2026-07-19,Kitui,10.5,25.5
2026-07-19,Makueni,0.0,22.0
2026-07-19,Nairobi,5.1,24.0
2026-07-19,Nakuru,0.0,24.8
2026-07-19,Uasin Gishu,0.0,23.9
2026-07-20,Machakos,0.0,21.9
2026-07-20,Kitui,5.8,17.0
2026-07-20,Makueni,0.0,27.3
2026-07-20,Nairobi,0.0,17.1
2026-07-20,Nakuru,13.7,24.1
2026-07-20,Uasin Gishu,7.1,27.2
2026-07-21,Machakos,1.5,25.8
2026-07-21,Kitui,0.0,23.6
2026-07-21,Makueni,0.0,22.5
2026-07-21,Nairobi,0.0,19.5
2026-07-21,Nakuru,0.6,22.3
2026-07-21,Uasin Gishu,1.5,23.3
2026-07-22,Machakos,0.5,25.2
2026-07-22,Kitui,0.0,24.0
2026-07-22,Makueni,,26.0
2026-07-22,Nairobi,0.0,17.5
2026-07-22,Nakuru,2.6,29.1
2026-07-22,Uasin Gishu,5.9,21.8
2026-07-23,Machakos,3.5,19.9
2026-07-23,Kitui,0.0,20.4
2026-07-23,Makueni,6.2,20.2
2026-07-23,Nairobi,0.0,22.1
2026-07-23,Nakuru,11.0,25.0
2026-07-23,Uasin Gishu,10.5,22.9
2026-07-24,Machakos,1.3,22.4
2026-07-24,Kitui,7.7,27.7
2026-07-24,Makueni,0.0,24.1
2026-07-24,Nairobi,0.0,24.1
2026-07-24,Nakuru,17.9,29.0
2026-07-24,Uasin Gishu,6.4,15.7
2026-07-25,Machakos,,21.3
2026-07-25,Kitui,10.1,21.3
2026-07-25,Makueni,0.9,23.4
2026-07-25,Nairobi,3.4,23.8
2026-07-25,Nakuru,0.0,29.7
2026-07-25,Uasin Gishu,0.0,18.4
2026-07-26,Machakos,0.0,28.2
2026-07-26,Kitui,17.4,21.9
2026-07-26,Makueni,0.0,16.9
2026-07-26,Nairobi,20.6,23.1
2026-07-26,Nakuru,4.3,24.4
2026-07-26,Uasin Gishu,0.3,18.7
2026-07-27,Machakos,0.0,25.4
2026-07-27,Kitui,21.2,20.1
2026-07-27,Makueni,2.4,23.8
2026-07-27,Nairobi,0.0,19.5
2026-07-27,Nakuru,2.2,25.5
2026-07-27,Uasin Gishu,0.0,17.6
2026-07-28,Machakos,1.7,22.0
2026-07-28,Kitui,9.7,20.3
2026-07-28,Makueni,8.3,24.2
2026-07-28,Nairobi,0.0,24.5
2026-07-28,Nakuru,0.0,21.5
2026-07-28,Uasin Gishu,0.0,21.2
2026-07-29,Machakos,5.9,26.4
2026-07-29,Kitui,0.0,26.4
2026-07-29,Makueni,11.2,20.9
2026-07-29,Nairobi,0.0,22.2
2026-07-29,Nakuru,0.0,21.9
2026-07-29,Uasin Gishu,11.3,22.3
2026-07-30,Machakos,2.9,28.6
2026-07-30,Kitui,17.1,22.1
2026-07-30,Makueni,15.9,18.2
2026-07-30,Nairobi,4.4,21.5
2026-07-30,Nakuru,2.1,25.2
2026-07-30,Uasin Gishu,4.7,20.7
2026-07-31,Machakos,0.5,23.5
2026-07-31,Kitui,11.9,24.3
2026-07-31,Makueni,0.0,20.0
2026-07-31,Nairobi,12.2,23.7
2026-07-31,Nakuru,1.4,24.2
2026-07-31,Uasin Gishu,8.8,24.9
2026-08-01,Machakos,,22.7
2026-08-01,Kitui,4.8,25.0
2026-08-01,Makueni,7.5,22.1
2026-08-01,Nairobi,0.0,21.6
2026-08-01,Nakuru,4.5,25.2
2026-08-01,Uasin Gishu,0.0,27.2
2026-08-02,Machakos,0.0,22.3
2026-08-02,Kitui,0.0,19.9
2026-08-02,Makueni,4.5,25.8
2026-08-02,Nairobi,7.9,23.3
2026-08-02,Nakuru,8.9,20.2
2026-08-02,Uasin Gishu,0.0,21.3
2026-08-03,Machakos,0.0,22.7
2026-08-03,Kitui,4.9,23.6
2026-08-03,Makueni,2.4,20.6
2026-08-03,Nairobi,0.0,20.0
2026-08-03,Nakuru,8.0,22.7
2026-08-03,Uasin Gishu,,25.7
2026-08-04,Machakos,0.0,20.0
2026-08-04,Kitui,10.9,21.0
2026-08-04,Makueni,0.0,27.4
2026-08-04,Nairobi,5.9,22.1
2026-08-04,Nakuru,0.0,21.0
2026-08-04,Uasin Gishu,12.8,28.3
2026-08-05,Machakos,0.0,22.0
2026-08-05,Kitui,0.0,25.0
2026-08-05,Makueni,4.1,16.0
2026-08-05,Nairobi,0.0,24.8
2026-08-05,Nakuru,6.5,25.0
2026-08-05,Uasin Gishu,4.7,29.1
2026-08-06,Machakos,3.0,24.4
2026-08-06,Kitui,0.0,26.9
2026-08-06,Makueni,2.5,23.8
2026-08-06,Nairobi,0.5,17.8
2026-08-06,Nakuru,0.0,22.3
2026-08-06,Uasin Gishu,0.0,29.1
2026-08-07,Machakos,4.0,22.7
2026-08-07,Kitui,16.1,30.3
2026-08-07,Makueni,0.0,26.7
2026-08-07,Nairobi,0.0,23.1
2026-08-07,Nakuru,0.0,26.1
2026-08-07,Uasin Gishu,2.8,21.0
2026-08-08,Machakos,6.1,20.8
2026-08-08,Kitui,9.4,30.0
2026-08-08,Makueni,5.6,23.4
2026-08-08,Nairobi,3.8,21.9
2026-08-08,Nakuru,0.0,23.4
2026-08-08,Uasin Gishu,15.0,23.1
2026-08-09,Machakos,7.4,20.6
2026-08-09,Kitui,0.0,24.0
2026-08-09,Makueni,0.0,25.8
2026-08-09,Nairobi,11.2,23.9
2026-08-09,Nakuru,0.0,23.7
2026-08-09,Uasin Gishu,0.0,21.0
2026-08-10,Machakos,12.3,32.6
2026-08-10,Kitui,6.7,11.8
2026-08-10,Makueni,0.0,22.1
2026-08-10,Nairobi,2.1,24.3
2026-08-10,Nakuru,12.1,25.0
2026-08-10,Uasin Gishu,7.2,22.5
2026-08-11,Machakos,1.2,26.3
2026-08-11,Kitui,0.0,22.2
2026-08-11,Makueni,,23.8
2026-08-11,Nairobi,7.9,20.0
2026-08-11,Nakuru,17.8,19.2
2026-08-11,Uasin Gishu,15.1,21.2
2026-08-12,Machakos,0.0,23.3
2026-08-12,Kitui,9.9,21.7
2026-08-12,Makueni,0.1,23.1
2026-08-12,Nairobi,0.0,31.3
2026-08-12,Nakuru,20.7,21.9
2026-08-12,Uasin Gishu,7.5,26.2
2026-08-13,Machakos,3.1,27.6
2026-08-13,Kitui,5.3,22.0
2026-08-13,Makueni,7.9,27.0
2026-08-13,Nairobi,1.4,21.3
2026-08-13,Nakuru,6.9,28.3
2026-08-13,Uasin Gishu,,27.9
2026-08-14,Machakos,5.0,22.7
2026-08-14,Kitui,6.4,24.4
2026-08-14,Makueni,1.1,24.0
2026-08-14,Nairobi,14.9,22.5
2026-08-14,Nakuru,14.0,24.4
2026-08-14,Uasin Gishu,0.0,22.9
2026-08-15,Machakos,5.8,17.1
2026-08-15,Kitui,0.0,23.8
2026-08-15,Makueni,2.6,27.1
2026-08-15,Nairobi,0.3,26.5
2026-08-15,Nakuru,6.1,27.9
2026-08-15,Uasin Gishu,0.0,23.9
2026-08-16,Machakos,13.3,24.0
2026-08-16,Kitui,0.0,28.5
2026-08-16,Makueni,10.5,21.4
2026-08-16,Nairobi,8.9,24.4
2026-08-16,Nakuru,0.0,23.6
2026-08-16,Uasin Gishu,15.0,24.8
2026-08-17,Machakos,2.8,21.0
2026-08-17,Kitui,4.7,21.0
2026-08-17,Makueni,11.8,35.3
2026-08-17,Nairobi,,24.1
2026-08-17,Nakuru,4.7,19.4
2026-08-17,Uasin Gishu,18.0,20.1
2026-08-18,Machakos,3.5,19.6
2026-08-18,Kitui,0.0,22.8
2026-08-18,Makueni,0.5,22.6
2026-08-18,Nairobi,0.0,23.7
2026-08-18,Nakuru,0.0,25.9
2026-08-18,Uasin Gishu,,24.2
2026-08-19,Machakos,0.0,25.0
2026-08-19,Kitui,8.1,21.8
2026-08-19,Makueni,8.4,27.9
2026-08-19,Nairobi,0.0,22.9
2026-08-19,Nakuru,0.0,23.1
2026-08-19,Uasin Gishu,14.6,20.7
2026-08-20,Machakos,14.5,26.0
2026-08-20,Kitui,,25.8
2026-08-20,Makueni,0.0,19.7
2026-08-20,Nairobi,11.3,25.1
2026-08-20,Nakuru,0.0,26.6
2026-08-20,Uasin Gishu,10.2,24.3
2026-08-21,Machakos,5.3,21.2
2026-08-21,Kitui,0.0,25.2
2026-08-21,Makueni,0.0,22.1
2026-08-21,Nairobi,3.2,18.3
2026-08-21,Nakuru,14.8,22.8
2026-08-21,Uasin Gishu,4.0,23.8
2026-08-22,Machakos,0.0,20.8
2026-08-22,Kitui,0.0,23.7
2026-08-22,Makueni,1.2,21.8
2026-08-22,Nairobi,9.1,21.9
2026-08-22,Nakuru,7.2,22.4
2026-08-22,Uasin Gishu,8.5,25.0
2026-08-23,Machakos,0.0,23.6
2026-08-23,Kitui,11.2,24.0
2026-08-23,Makueni,1.7,25.6
2026-08-23,Nairobi,14.2,27.2
2026-08-23,Nakuru,0.0,22.3
2026-08-23,Uasin Gishu,3.2,21.6
2026-08-24,Machakos,13.2,21.6
2026-08-24,Kitui,1.8,26.1
2026-08-24,Makueni,6.3,24.6
2026-08-24,Nairobi,10.4,19.1
2026-08-24,Nakuru,0.0,20.6
2026-08-24,Uasin Gishu,6.9,18.8
2026-08-25,Machakos,9.5,29.6
2026-08-25,Kitui,2.0,22.6
2026-08-25,Makueni,0.0,22.2
2026-08-25,Nairobi,0.4,23.9
2026-08-25,Nakuru,4.2,27.9
2026-08-25,Uasin Gishu,,26.3
2026-08-26,Machakos,0.0,25.2
2026-08-26,Kitui,11.2,22.9
2026-08-26,Makueni,9.5,26.2
2026-08-26,Nairobi,18.3,20.0
2026-08-26,Nakuru,0.0,26.5
2026-08-26,Uasin Gishu,14.0,18.2
2026-08-27,Machakos,0.0,22.8
2026-08-27,Kitui,0.3,28.3
2026-08-27,Makueni,5.6,28.0
2026-08-27,Nairobi,16.8,25.7
2026-08-27,Nakuru,15.9,21.8
2026-08-27,Uasin Gishu,18.2,28.5
2026-08-28,Machakos,0.0,24.9
2026-08-28,Kitui,,25.2
2026-08-28,Makueni,8.1,22.4
2026-08-28,Nairobi,16.2,22.3
2026-08-28,Nakuru,17.5,20.9
2026-08-28,Uasin Gishu,10.4,19.3
2026-08-29,Machakos,0.0,27.0
2026-08-29,Kitui,21.1,24.3
2026-08-29,Makueni,7.7,26.1
2026-08-29,Nairobi,0.3,23.2
2026-08-29,Nakuru,0.7,26.9
2026-08-29,Uasin Gishu,0.0,20.5
2026-08-30,Machakos,0.0,30.4
2026-08-30,Kitui,14.7,24.2
2026-08-30,Makueni,3.5,28.5
2026-08-30,Nairobi,1.4,19.9
2026-08-30,Nakuru,0.0,32.5
2026-08-30,Uasin Gishu,0.0,23.7
2026-08-31,Machakos,11.7,20.2
2026-08-31,Kitui,24.8,21.1
2026-08-31,Makueni,0.0,22.6
2026-08-31,Nairobi,16.4,26.1
2026-08-31,Nakuru,7.4,28.3
2026-08-31,Uasin Gishu,0.9,25.6
2026-09-01,Machakos,5.5,22.0
2026-09-01,Kitui,7.6,24.3
2026-09-01,Makueni,19.8,26.8
2026-09-01,Nairobi,5.2,23.2
2026-09-01,Nakuru,8.7,27.6
2026-09-01,Uasin Gishu,4.7,21.3
